0,1,2,3,4,5,6,7,8,9
-3.110368525622365e-07,-1.0003726887671735e-05,0.0017632776836454239,-9.647368974283148e-05,-0.00032722999303096866,0.0006619995821676068,-0.0005922062048130995,0.00026945625261739353,0.0015056466919681826,0.002048578306095569
-3.077186449823582e-07,-9.927386941188927e-06,0.0015254516843963288,-0.00013296009244654302,-0.00018262123412196148,0.0004051117016714743,-0.0005422375507769906,0.00019745819340981184,0.0012941990397923417,0.0019134447922872781
-3.044010010847494e-07,-9.850904547612843e-06,0.0012886760067935708,-0.00016907339588287856,-3.895357743102803e-05,0.00014967864952012972,-0.0004926359372029869,0.00012529155336899822,0.0010840714869339192,0.0017786603822438187
-3.0108448072061587e-07,-9.774136722945833e-06,0.0010538853179305752,-0.00020431742698243842,0.00010281997679300232,-0.00010289355032868844,-0.0004439316119014296,5.292976693096817e-05,0.0008765349953845071,0.0016447171405602626
-2.97769636116795e-07,-9.69694372565829e-06,0.0008218301563356169,-0.0002380885235936238,0.0002417547157230612,-0.00035126824014403515,-0.00039679790759749467,-1.9567908475530176e-05,0.0006727810897846242,0.0015122470964463385
-2.944570081575131e-07,-9.619193389300983e-06,0.0005931079656476812,-0.0002697932685129668,0.00037696734954078344,-0.0005941459960080046,-0.0003518776146817051,-9.224862252713729e-05,0.0004739170699423072,0.0013818655658066957
-2.911471227776019e-07,-9.540759984561441e-06,0.00036830329235926874,-0.00029891856623401775,0.0005076696591631955,-0.0008302009376945689,-0.0003096500324448972,-0.00016535538113971365,0.00028098814351734994,0.0012540196387531345
-2.8784048750223446e-07,-9.461520208118294e-06,0.0001481390226382615,-0.0003250064306494033,0.0006331328064728522,-0.0010580863774999308,-0.0002704648210343579,-0.00023917221112667027,9.50128787791517e-05,0.0011290058842874844
-2.8453758816647153e-07,-9.381355174868182e-06,-6.650432969257969e-05,-0.0003476369774231961,0.000752602758261006,-0.0012765660980745797,-0.00023466334777944194,-0.0003137768903401806,-8.300578047007222e-05,0.0010071519329120041
-2.812388858457652e-07,-9.300159591265529e-06,-0.00027473673094495374,-0.0003664940037131102,0.0008652600254286765,-0.0014846741065614806,-0.00020262363060687065,-0.00038895847924730505,-0.0002521130940356224,0.0008889716168157637
-2.779448140260267e-07,-9.21784709998551e-06,-0.00047584094946521245,-0.00038142570527904856,0.0009703004485896695,-0.0016817098354084492,-0.00017467124346501572,-0.0004643857325215061,-0.00041145993667098094,0.0007751057285132948
-2.746557760390314e-07,-9.134342906854991e-06,-0.0006693109641747329,-0.0003923769136970368,0.00106708721134881,-0.001867022576010054,-0.00015096562675292772,-0.0005398474020516195,-0.000560343329013721,0.0006660811527865534
-2.713721427857591e-07,-9.049571419672307e-06,-0.0008547243019161223,-0.00039922936049123557,0.0011552155730666664,-0.0020397926992512206,-0.000131478567550123,-0.0006153299589831062,-0.0006981884672108843,0.0005621347308358759
-2.680942507668852e-07,-8.963456095542094e-06,-0.001031595388716171,-0.0004017470726062036,0.001234421493755003,-0.0021990783928748396,-0.0001160702742158989,-0.0006908905862715234,-0.000824508284752633,0.0004632974191088484
-2.648224004360118e-07,-8.87593609487468e-06,-0.0011993657074825448,-0.0003997140199963142,0.0013044251801373663,-0.0023441157019929776,-0.00010457727469913497,-0.0007664798643991756,-0.000938898961339376,0.000369653648760062
-2.6155685691020974e-07,-8.786983507191027e-06,-0.001357512309594768,-0.0003931171522994514,0.0013648752758458691,-0.0024745722028718313,-9.685564369420079e-05,-0.0008418684995649948,-0.0010410871577012236,0.0002814956434159197
-2.582978487239508e-07,-8.69660195730062e-06,-0.0015056394517886415,-0.00038215946202179596,0.0014154456311890574,-0.0025904806579275367,-9.277724353944266e-05,-0.0009167079056592091,-0.0011309660436450238,0.00019921631630632672
-2.550455648778513e-07,-8.604807769597095e-06,-0.0016434656581157082,-0.0003670967243296327,0.0014559639682713097,-0.0026919363940418363,-9.22012913991561e-05,-0.0009906444132948304,-0.001208558294775456,0.00012308369609779785
-2.5180015450731836e-07,-8.51161412317229e-06,-0.0017707654709150247,-0.00034811282727040076,0.001486440079457994,-0.002778903129269484,-9.491939139885056e-05,-0.0010634023519664193,-0.0012739322500140075,5.315826894837636e-05
-2.4856172690055644e-07,-8.417033561043626e-06,-0.0018873582005197221,-0.00032538240031488214,0.001507001473339784,-0.0028513127994418664,-0.0001005846329093869,-0.0011347930002696808,-0.0013271686514305635,-1.0570535908150227e-05
-2.4533035185885153e-07,-8.321092398597481e-06,-0.0019931460167822274,-0.00029923941340641595,0.0015178441081046899,-0.002909309225592128,-0.00010868613953232296,-0.0012046385661238633,-0.001368432350199052,-6.803098116323436e-05
-2.421060603883739e-07,-8.223838691925565e-06,-0.002088126493546163,-0.0002702352898066076,0.0015192430415713752,-0.0029533318169563116,-0.00011861066970392794,-0.0012726546415807222,-0.001398085347425668,-0.00011909290323721663
-2.388888457092407e-07,-8.125336142951477e-06,-0.002172336930814625,-0.00023902228701658303,0.0015115790420603778,-0.0029839688099880654,-0.00012974809011465167,-0.0013383918067781057,-0.0014167271209940546,-0.00016372908183414904
-2.3567866456431588e-07,-8.025653729639078e-06,-0.002245788325299348,-0.0002061868958808212,0.0014953189547994232,-0.00300178062071557,-0.00014153830422873267,-0.0014013132507789885,-0.00142510824910359,-0.00020208969848276712
-2.3247543880720297e-07,-7.924863337445507e-06,-0.002308468631931248,-0.00017219168525693825,0.001470967385092477,-0.0030072947715990652,-0.00015343384275705288,-0.0014609474890729848,-0.0014239920302135795,-0.0002343899225932606
-2.292790572461789e-07,-7.823045145249473e-06,-0.0023604097643405934,-0.00013744116040075025,0.001439053521544659,-0.0030011315307170673,-0.00016483954668264827,-0.0015169690685258674,-0.001414079467254751,-0.000260752632955446
-2.2608937771841007e-07,-7.720291178990369e-06,-0.0024017453609085884,-0.00010237282127564045,0.0014001646946789376,-0.0029840708271828055,-0.00017513076627907707,-0.001569121776101619,-0.001396039486294981,-0.00028120251988544864
-2.2290622936675416e-07,-7.616701506310236e-06,-0.002432721674306545,-6.750517803737525e-05,0.0013549782999488639,-0.002956972402071407,-0.00018374046623619684,-0.0016170923433617486,-0.001370604695589322,-0.00029581335183532316
-2.1972941508974673e-07,-7.512378099527834e-06,-0.002453685380978976,-3.344277071019654e-05,0.0013042561959552897,-0.002920664774828522,-0.00019019675744860292,-0.0016605054091534206,-0.0013386413424798752,-0.00030483220916062594
-2.165587141340855e-07,-7.407422845018182e-06,-0.002465064481550867,-8.490211089143126e-07,0.0012488169932800242,-0.002875949163284608,-0.00019405032389388803,-0.001699054457390882,-0.001301137596566796,-0.0003086465826579802
-2.133938847979832e-07,-7.301939984768899e-06,-0.002467329126531346,2.9613139587171844e-05,0.0011895118408633677,-0.0028236935289433335,-0.00019476948448771716,-0.001732586281004961,-0.001259111780586725,-0.0003076506929329021
-2.1023466721324823e-07,-7.196037087049943e-06,-0.0024609210446666107,5.734180507544105e-05,0.0011271988825346953,-0.0027648924577524927,-0.00019174973011702796,-0.0017610087121271202,-0.0012134971336140098,-0.00030216672252820223
-2.0708078617379972e-07,-7.089822238892624e-06,-0.00244621069759034,8.180246263937015e-05,0.0010627108897490844,-0.0027006073603025003,-0.00018445980836202756,-0.001784126780891532,-0.0011650864643851248,-0.0002924676425306215
-2.0393195397857933e-07,-6.98340009132298e-06,-0.002423547758043361,0.00010247122487986077,0.0009968502407213969,-0.002631841478170069,-0.0001725924773985237,-0.0018016304087174508,-0.0011145870170402195,-0.0002788378037462605
-2.007878732574267e-07,-6.876870779719264e-06,-0.0023933791230637317,0.00011880445411999426,0.0009304336905610717,-0.0025594604459792144,-0.00015606350663857768,-0.0018132781893111937,-0.0010627387470729852,-0.0002616011053624617
-1.9764823974947698e-07,-6.770330764529631e-06,-0.0023563014772566295,0.0001303073245060191,0.0008643505912062689,-0.002484215220917112,-0.00013486280399798483,-0.0018190608612596267,-0.0010103880297218997,-0.00024112659909681112
-1.9451274500493687e-07,-6.663872926650895e-06,-0.0023129676148697007,0.00013665256873357466,0.0007995648538124448,-0.0024068276497318858,-0.00010892629497056208,-0.001819143293945645,-0.0009584470603306676,-0.00021783058525844906
-1.9138107898274057e-07,-6.557584510191919e-06,-0.002263936522975498,0.0001376962691356407,0.0007370486619177864,-0.0023280665953426586,-7.81512370961355e-05,-0.0018136611520723773,-0.0009077736867910402,-0.0001921482498440677
-1.8825293251849084e-07,-6.4515451537102e-06,-0.0022096453127409483,0.00013333171116418138,0.0006777110456913371,-0.0022487534368463282,-4.251829773965811e-05,-0.0018026226724732802,-0.000859071434077753,-0.0001644668748708871
-1.8512799963928667e-07,-6.345826266978782e-06,-0.002150544640762934,0.00012331608615259596,0.0006223799882201418,-0.0021696873767006073,-2.182643115201049e-06,-0.0017860294661504255,-0.0008128747629440076,-0.0001350834156647636
-1.8200597970442952e-07,-6.240491553774486e-06,-0.0020872462379307936,0.0001072746421681813,0.0005718108654501538,-0.0020915519141537467,4.253784715095735e-05,-0.0017640529579223427,-0.0007695935540480749,-0.00010425943182058375
-1.7888657935361168e-07,-6.135596803108977e-06,-0.002020499310286586,8.490235141554469e-05,0.0005266706980512168,-0.0020148938939307665,9.122620940032728e-05,-0.0017370492913492297,-0.000729569707857321,-7.232443280524563e-05
-1.757695142469454e-07,-6.031189085048531e-06,-0.0019510093381633429,5.616607653056063e-05,0.00048752298664334184,-0.0019402081651109344,0.00014339037526263764,-0.0017054193421253516,-0.000693118746955717,-3.969046010456807e-05
-1.7265451058407398e-07,-5.92730592485624e-06,-0.001879298962445609,2.1298982299959335e-05,0.0004548683306989494,-0.00186803661300942,0.0001984493876474519,-0.0016695000526591947,-0.0006605481321488179,-6.727822001516403e-06
-1.6954130639257067e-07,-5.823975478993534e-06,-0.0018057644125479117,-1.9398306149744163e-05,0.0004292261357139856,-0.0017989535588055635,0.00025575038030342326,-0.0016296020945577154,-0.0006321228943274452,2.6359718354021632e-05
-1.6642965257884982e-07,-5.721216916694635e-06,-0.001730849839891752,-6.573374239750281e-05,0.0004111460290815971,-0.0017334314043246687,0.00031463093235485867,-0.0015861049385286403,-0.0006079806414870739,5.948586062804243e-05
-1.6331931373782597e-07,-5.619040763133785e-06,-0.0016551505432810918,-0.00011760118182665368,0.00040109631493231746,-0.0016717344068970534,0.0003744678716565264,-0.0015394776383888923,-0.0005880688658694251,9.248326834527866e-05
-1.6021006872057774e-07,-5.5174488109055686e-06,-0.001579344337168056,-0.00017479591425869387,0.00039933778350455647,-0.0016139767566623387,0.0004346530768081388,-0.0014902294986882778,-0.000572193345739071,0.00012499380749571897
-1.571017109621818e-07,-5.4164344213435334e-06,-0.0015040487113728664,-0.00023687326189894415,0.00040593827170523107,-0.0015602962366286712,0.0004945075324092326,-0.001438893846452392,-0.0005601484627985678,0.00015658673442018285
-1.53994048574754e-07,-5.315982992544103e-06,-0.0014297559973897734,-0.00030319670753387734,0.0004209158586686816,-0.0015109497036726552,0.0005532116740304803,-0.0013860676457684558,-0.0005517821607880106,0.0001869829983675704
-1.5088690421343032e-07,-5.216072767116754e-06,-0.0013568830519284532,-0.0003731296690872148,0.0004443334105689985,-0.0014662196597770229,0.000609820559912341,-0.0013324213056923205,-0.0005469003766739165,0.00021613085069522843
-1.4778011472559913e-07,-5.11667539736556e-06,-0.0012858448151126965,-0.00044618738845886974,0.0004762237357382752,-0.001426243368204791,0.0006633584227178159,-0.0012786171862757111,-0.0005451385678966585,0.00024406989114217695
-1.4467353059606522e-07,-5.017756693475657e-06,-0.0012170692047337958,-0.0005220109521510366,0.0005164501829745547,-0.0013909723443446486,0.0007129291704339016,-0.0012252066314269285,-0.000545998098918368,0.0002707716178815488
-1.4156701520300917e-07,-4.919277151971705e-06,-0.0011509733252796969,-0.0006001972963549421,0.0005646889977102454,-0.0013603076793661946,0.000757773676784924,-0.0011726084709523087,-0.0005490417679261056,0.0002961500554432454
-1.3846044390154624e-07,-4.821192947906833e-06,-0.0010879573325452804,-0.0006801503139947233,0.0006205519327743633,-0.001334255765934804,0.0007972399481450277,-0.0011211865472636243,-0.0005540034726364566,0.0003201926786234383
-1.3535370295339973e-07,-4.723456659417649e-06,-0.0010284231296927057,-0.0007610865363510647,0.0006836731528611195,-0.0013129375541261483,0.0008306875696759183,-0.0010713326747628339,-0.0005606262086838022,0.0003430072970988688
-1.3224668832263724e-07,-4.626018299381781e-06,-0.0009727642484321071,-0.0008421822863129265,0.0007536411490091584,-0.00129646395179792,0.0008574214844819252,-0.0010234939978148504,-0.0005683836004523341,0.00036471015811713134
-1.291393043585947e-07,-4.528825857951898e-06,-0.0009213054168741365,-0.000922720783730897,0.0008298790629569446,-0.00128483668942568,0.0008767316624461274,-0.0009781614203543695,-0.0005764466377250252,0.00038530698597160886
-1.260314623879993e-07,-4.43182632186923e-06,-0.0008742432595174604,-0.0010021197670836647,0.0009116521197476222,-0.0012779626659945198,0.0008880250858713409,-0.0009358474732005871,-0.0005839925992381349,0.00040474812598877743
-1.2292307923891477e-07,-4.334966375280322e-06,-0.0008316657535846965,-0.0010798593325672347,0.0009982060186002524,-0.0012757336925622404,0.0008909186372477446,-0.0008970374546342659,-0.0005905321763739334,0.0004230998111538903
-1.1981407571943908e-07,-4.238193358671242e-06,-0.0007936593548410688,-0.0011554115400319084,0.0010888488312028788,-0.0012780721268581964,0.0008851938507527353,-0.0008621030655622545,-0.0005958888622371524,0.0004406203482266728
-1.1670437507413482e-07,-4.141455692306933e-06,-0.000760408569295407,-0.001228239798470489,0.00118287298341615,-0.0012849287929892848,0.0008706552328311818,-0.0008312512480983568,-0.0005998670024906227,0.0004576281670800348
-1.1359390144090597e-07,-4.044703733373745e-06,-0.0007321929927693149,-0.0012978217723880114,0.0012794270220497313,-0.0012962721701619282,0.0008470590325183171,-0.0008045968038495412,-0.0006020047446119192,0.00047431270395869495
-1.1048257833053792e-07,-3.947890275458552e-06,-0.0007092681987104499,-0.0013636488615527988,0.0013775199840959321,-0.0013120884874087376,0.0008142033838338234,-0.0007823098866275331,-0.0006016808049720412,0.0004906997281967716
-1.0737032715030689e-07,-3.850971271428216e-06,-0.0006917298493292122,-0.0014252198129751559,0.001476155868462007,-0.0013323613191282765,0.0007720820295935031,-0.0007646667567619441,-0.000598401531195194,0.0005067903003845228
-1.0425706579206881e-07,-3.753905991003412e-06,-0.000679473208563703,-0.001482083015666308,0.0015744396939961877,-0.00135702607870927,0.0007209284785222175,-0.0007519202111360677,-0.0005919154834431099,0.0005227020700100506
-1.0114270730393268e-07,-3.6566575874976984e-06,-0.0006722851861543241,-0.0015339118562673142,0.001671548787469541,-0.0013859630111994442,0.0006611165330490761,-0.0007441085055883218,-0.0005820782125326668,0.0005386688240366429
-9.802715866318249e-08,-3.5591932879012838e-06,-0.000669990304518015,-0.0015805259069829852,0.0017666465775193314,-0.0014190534653103382,0.0005930569920981266,-0.0007410234895371425,-0.0005687085804423153,0.0005549395980036296
-9.49103196664006e-08,-3.461484793093232e-06,-0.0006725277863354426,-0.001621815037562498,0.001858863792019426,-0.001456242153020942,0.0005172208552292878,-0.0007423860762344665,-0.0005516269281417594,0.0005717180565496231
-9.179208195092552e-08,-3.3635081052717923e-06,-0.0006799099484551226,-0.00165764609316393,0.001947328304870346,-0.0014975194407972551,0.0004342395139782426,-0.0007480384877413343,-0.0005307627637407196,0.0005891890012010592
-8.867232815974824e-08,-3.2652437628454403e-06,-0.0006921022559140828,-0.001687870581679538,0.0020311594525503625,-0.0015428268926170757,0.00034491679418764703,-0.0007579430030494646,-0.0005061342576372031,0.000607548791631166
-8.555093125985501e-08,-3.166676702613832e-06,-0.0007089273889396086,-0.001712424127891566,0.002109441463772808,-0.0015919983754755379,0.0002501082478751167,-0.0007720088434820417,-0.0004777330744316948,0.0006269698492734713
-8.242775402177228e-08,-3.0677963414571016e-06,-0.0007300658863772096,-0.0017313905527025209,0.002181277819745463,-0.0016448070123074587,0.0001505991828912414,-0.0007899590521441874,-0.0004455263433517031,0.0006475509881632116
-7.93026486657889e-08,-2.9685960997531006e-06,-0.0007551308570304506,-0.001744951902654095,0.0022459221828320113,-0.0017010575750537975,4.7127071564590216e-05,-0.0008113820522770344,-0.0004096241030394385,0.0006693429933306057
-7.617545667798082e-08,-2.869073351507686e-06,-0.0007837446142616438,-0.001753299334050727,0.0023028312329075686,-0.0017606100823758942,-5.948121110371403e-05,-0.0008358922239618468,-0.000370386034755527,0.0006924304493488772
-7.304600879680083e-08,-2.7692290253084664e-06,-0.0008155588558188669,-0.0017566305680952095,0.0023515365996507926,-0.0018233026855349781,-0.00016821801064130677,-0.0008632033662214127,-0.00032828316710505247,0.0007169652272106911
-6.991412516864669e-08,-2.6690674520739846e-06,-0.0008502310879464056,-0.0017552304046308225,0.002391479194051321,-0.001888870093590171,-0.0002779434467025863,-0.0008930493318785116,-0.00028365532735641965,0.0007430796221108043
-6.677961566850843e-08,-2.56859568498814e-06,-0.0008874018490457046,-0.0017495146696108572,0.0024220337969935338,-0.0019569619334012275,-0.00038751045569351285,-0.0009250597658404136,-0.0002366794008043623,0.0007707559265559031
-6.364228037953272e-08,-2.4678232791487493e-06,-0.0009267022005848395,-0.0017399597874222386,0.002442730308774098,-0.002027236921994947,-0.0004958312751548795,-0.0009587433420051571,-0.00018758708387398067,0.0007997977527884183
-6.050191022321193e-08,-2.366761756922934e-06,-0.0009677792033795542,-0.00172700046136656,0.002453404946919933,-0.00209942130159052,-0.000601861368286616,-0.0009935978467344507,-0.00013685067329459452,0.0008299527227466114
-5.73582877298217e-08,-2.265424356183362e-06,-0.0010102954875971033,-0.0017110103367375198,0.002454084614388584,-0.002173261451849341,-0.000704567399748832,-0.0010292426594938758,-8.509806511432066e-05,0.0008610745628873472
-5.421118793686842e-08,-2.16382528732755e-06,-0.0010538860496308914,-0.0016923765903183122,0.0024447455967797813,-0.0022484176138499903,-0.0008029395289651986,-0.0010654472863653895,-3.288125538663706e-05,0.00089317161994681
-5.106037940153883e-08,-2.0619794864356238e-06,-0.0010981031492633007,-0.0016715602710564224,0.0024252593709128295,-0.002324398487649587,-0.0008960258867997091,-0.0011020353458987527,1.9381465045995415e-05,0.000926303066012739
-4.790562531160782e-08,-1.959902089717393e-06,-0.0011424133336403524,-0.0016490760719874834,0.002395582731633021,-0.0024005952898236513,-0.000982951020364267,-0.0011387425894305657,7.122575863244066e-05,0.00096042344521144
-4.4746684677894763e-08,-1.8576082249385756e-06,-0.0011862760685074014,-0.0016254439018517134,0.002355931166524711,-0.0024763841377455987,-0.0010629149815596275,-0.0011751455880305885,0.00012200462600921955,0.0009953154537642884
-4.15833135902421e-08,-1.7551123436432414e-06,-0.0012292500753300964,-0.001601173639976633,0.002306706831658853,-0.002551230194624984,-0.0011351902720894722,-0.0012107305326121776,0.0001710110068153134,0.0010306558700817572
-3.841526651807297e-08,-1.6524280788897465e-06,-0.0012710267285965312,-0.0015767631427254405,0.002248292162303173,-0.002624726239375551,-0.0011991093088182386,-0.001245060221005662,0.00021772166619184088,0.001066134291976251
-3.524229763596445e-08,-1.549567850519599e-06,-0.0013113310998121943,-0.0015526741155676299,0.0021810065984002825,-0.0026965365021059447,-0.0012540383266272674,-0.0012779019392900183,0.00026184506008919233,0.0011015257134552835
-3.206416215425552e-08,-1.4465428100920836e-06,-0.0013497765108220752,-0.0015292984555293117,0.0021052783722741424,-0.0027662651735276544,-0.0012993747260609803,-0.0013092005136187983,0.0003031118279715831,0.0011366804953491388
-2.8880617634597047e-08,-1.3433623453926718e-06,-0.0013858220248370778,-0.0015069931967994215,0.0020217874896553546,-0.002833348301756508,-0.0013346172202672658,-0.001338917001244504,0.000341078100321103,0.0011714625111822476
-2.5691425270489322e-08,-1.240034125051908e-06,-0.0014189150278010472,-0.0014861636303202007,0.0019313726466873966,-0.0028970743675804035,-0.0013594731903212522,-0.0013668997313580073,0.0003751884661006549,0.0012056903863455256
-2.249635111326325e-08,-1.1365639009259889e-06,-0.001448697313429518,-0.0014672810602483057,0.0018348239171394117,-0.0029567516133431992,-0.0013738951211895532,-0.001392927660833933,0.00040500669915043207,0.0012391100709302748
-1.929516722463331e-08,-1.0329556559026822e-06,-0.0014750730263124044,-0.0014507707344502882,0.0017328206747009847,-0.0030118934199932588,-0.0013779766438456206,-0.0014168711856336195,0.000430316990275327,0.001271402679813534
-1.608765273790247e-08,-9.292113125575212e-07,-0.001498042445840793,-0.001436868866076732,0.0016260786144640957,-0.0030622463480426826,-0.0013718028647571085,-0.0014387833933802198,0.000450993451839375,0.00130224099261878
-1.2873594811066578e-08,-8.253309787880718e-07,-0.0015174565618136212,-0.001425622162190939,0.0015154866159156194,-0.003107628570331548,-0.0013554222596009345,-0.0014588117193353924,0.00046683351179605475,0.001331376426450037
-9.652789456535358e-09,-7.213129438257492e-07,-0.001532949960636546,-0.0014170342019273305,0.001402057238875157,-0.0031477313678603836,-0.0013289882679992015,-0.0014770374611446238,0.00047756842734598053,0.001358692102357491
-6.425042233795822e-09,-6.171540082766874e-07,-0.0015441360575123714,-0.0014111930645257745,0.0012867873303458188,-0.003182075949385219,-0.0012929189490024477,-0.0014934373279395325,0.00048300837217387006,0.0013841483083354292
-3.1901687932656703e-09,-5.128493599188936e-07,-0.0015508846321791862,-0.0014082361649154697,0.001170618733641861,-0.003210173081622504,-0.001247885137002349,-0.0015080029498598447,0.00048312830184969865,0.001407638709038539
5.200473841392817e-11,-4.083929680688122e-07,-0.001553392130878085,-0.0014082220204493995,0.001054504431763919,-0.003231731328687301,-0.001194626322489979,-0.001520857629484726,0.00047801035477018953,0.0014288982903300712
3.3016415391396263e-09,-3.03777707047834e-07,-0.001551957643097732,-0.0014110841348254702,0.0009394182737414323,-0.003246725175532932,-0.0011337799678130989,-0.0015322220712271348,0.00046775900448062653,0.0014475842036605281
6.558894043329257e-09,-1.9899579002701225e-07,-0.0015466766588902276,-0.0014167075105810567,0.0008262574481724573,-0.0032552855093520567,-0.0010658903307048419,-0.0015422819654527908,0.00045250607119961736,0.0014634850453527613
9.823904067811896e-09,-9.403872314405743e-08,-0.0015373659886697,-0.0014249854036509511,0.0007157916916592132,-0.003257533600231471,-0.0009915650247203506,-0.001551122400663049,0.00043247310930698426,0.0014766538519979354
1.3096803111793544e-08,1.1102248557019416e-08,-0.0015237944236486602,-0.0014357546213340114,0.0006087757266442764,-0.0032535183477714006,-0.0009116001720809355,-0.0015588090655335287,0.00040797529682830774,0.001487313676728494
1.637771282845321e-08,1.1643599350458383e-07,-0.0015059916415915574,-0.0014487006630493425,0.0005060948076437317,-0.003243297621068697,-0.000826957361012036,-0.0015655019784254693,0.00037933874484544477,0.001495636920106701
1.966674566316528e-08,2.2197106308916844e-07,-0.0014843360712900558,-0.0014633975252220633,0.0004087286069043262,-0.0032270531910647913,-0.0007386464475745436,-0.0015714671310053465,0.0003468445392786258,0.001501646567735209
2.296400565073935e-08,3.277157678439067e-07,-0.001459347831146221,-0.001479473180052846,0.00031753244586898484,-0.003205122855243298,-0.0006476582905507727,-0.001576983363641301,0.0003107724853572556,0.0015053384203663935
2.626958936158485e-08,4.3367778765600994e-07,-0.001431398778493609,-0.0014966977486062301,0.0002330815706294242,-0.0031779223459573267,-0.0005549807455191425,-0.0015822579000509664,0.0002715003699435468,0.0015068543343475821
2.9583586984280434e-08,5.398641044829256e-07,-0.0014006132815012821,-0.0015148804381624927,0.0001557479387555136,-0.00314584966187788,-0.0004616373238455167,-0.00158741716787043,0.00022955008334339192,0.0015064732076603164
3.290608352974723e-08,6.462806741778871e-07,-0.0013670247566598703,-0.001533694393150942,8.588326027600748e-05,-0.003109289908407236,-0.0003686733658226017,-0.0015925412160260907,0.00018553496207667443,0.0015044273661604264
3.6237160140112174e-08,7.529326243419262e-07,-0.0013308059426876781,-0.0015526543880420975,2.387323925859888e-05,-0.0030687324975926036,-0.00027710399179899,-0.0015976936738337417,0.00014006879023469685,0.001500796403425528
3.9576895483436683e-08,8.598240024605434e-07,-0.0012923555430850247,-0.001571265957269837,-2.9966721152829646e-05,-0.003024872614520018,-0.00018788309696082188,-0.0016029554456818865,9.370809207629867e-05,0.0014956534361262113
4.2925367213782106e-08,9.669578593628195e-07,-0.0012521861375586617,-0.0015891476543706327,-7.546775610989942e-05,-0.0029785731864210357,-0.00010189745298566951,-0.001608469599117234,4.695052830379368e-05,0.001489306225442589
4.628265347469672e-08,1.0743360808866259e-06,-0.0012107555646367458,-0.001605974593516539,-0.0001125370805697091,-0.002930690489914848,-1.9957108827603554e-05,-0.0016144424914422747,2.6755615025719494e-07,0.0014823163124592315
4.964883442303695e-08,1.181959750739077e-06,-0.0011683957991827114,-0.0016213399810509393,-0.0001410584395252173,-0.0028819154468641287,5.722361060768539e-05,-0.001621050903785946,-4.5863652234923424e-05,0.0014752310150874274
5.3023993749248744e-08,1.289829064755515e-06,-0.001125378399392919,-0.0016347345318282012,-0.00016093483083597332,-0.002832788453443619,0.00012900810161113507,-0.0016283252224678704,-9.094056868205424e-05,0.001468307381045268
5.6408220169723315e-08,1.3979435774963156e-06,-0.0010820138751319506,-0.0016456978414803418,-0.0001722378210287959,-0.002783873542639486,0.00019477664403483167,-0.0016361470881127943,-0.00013444439512244925,0.0014615451589687556
5.980160886671663e-08,1.5063021900078831e-06,-0.0010386812250566234,-0.0016539561511161969,-0.00017527208503537455,-0.0027359109891656125,0.0002538955394500375,-0.0016443851971935828,-0.00017587127371905694,0.0014550008515651835
6.320426285153817e-08,1.6149036578047266e-06,-0.0009957644548569517,-0.0016593853110544983,-0.0001704787070860454,-0.002689781161835584,0.00030579810584739305,-0.0016530097818054335,-0.0002147529947837452,0.001449039761464439
6.661629422730285e-08,1.723746635550381e-06,-0.0009535792737035173,-0.0016618494297507308,-0.000158306874218183,-0.00264631340318461,0.0003501288466566274,-0.0016620363830522353,-0.0002506518607287613,0.0014442595180319219
7.003782532849566e-08,1.8328300359365477e-06,-0.0009123644634266487,-0.0016611078985879647,-0.00013920157259720634,-0.002606140727007952,0.00038678520223519973,-0.0016713592418664863,-0.00028314491200044883,0.0014411884599749656
7.346898971592875e-08,1.9421531085049544e-06,-0.0008723454723347847,-0.0016568841499436898,-0.00011368206768876799,-0.0025697348794493824,0.0004157718028469279,-0.0016807021885701413,-0.00031183931610555276,0.0014400628773538872
7.690993300733879e-08,2.051716014811991e-06,-0.0008337873142163708,-0.0016489951880324367,-8.236634165956473e-05,-0.0025375607337067814,0.00043700536005410895,-0.0016897729474235203,-0.0003364276128907807,0.0014408771882154585
8.036081352590994e-08,2.1615199142411744e-06,-0.0007969628861542452,-0.001637408256864904,-4.590726737788518e-05,-0.0025101508964195103,0.0004502864924506186,-0.0016984448887966712,-0.00035673179280940395,0.0014435999757389613
8.382180275133718e-08,2.2715673363229826e-06,-0.0007620552487436025,-0.0016221992634572096,-4.944336350297094e-06,-0.0024880198725740848,0.0004554938407073631,-0.0017067332641976035,-0.0003726812067133407,0.001448333243773464
8.729308556070385e-08,2.3818622442408554e-06,-0.0007290905552905789,-0.0016034754911768165,3.986355826557835e-05,-0.0024715145321254745,0.00045279287956417555,-0.0017145863444251188,-0.00038423124928801196,0.0014553047910709994
9.077486024934467e-08,2.492410565459545e-06,-0.0006979945212795338,-0.001581316732913813,8.778214276552712e-05,-0.002460768483606162,0.0004426137093262848,-0.001721747880931735,-0.00039131072226230906,0.0014647483746198834
9.426733832502544e-08,2.60322020393726e-06,-0.0006687423991061039,-0.001555740577476693,0.0001380119866145261,-0.0024557986301859186,0.00042541481951964175,-0.0017278594400836694,-0.00039385288428193835,0.0014767902439053297
9.777074407208968e-08,2.714301310563252e-06,-0.0006414659177579956,-0.0015267205016604316,0.00018974787841802708,-0.0024566235268193583,0.00040149051600217806,-0.0017326666559179685,-0.0003918701714820101,0.0014914020991444853
1.0128531388573321e-07,2.8256662179012465e-06,-0.0006163935868510139,-0.0014942962463559545,0.000242202298393986,-0.002463273107328602,0.0003710378459859692,-0.0017360786468287404,-0.00038548837635375016,0.001508432493994446
1.0481129538012975e-07,2.9373298171777955e-06,-0.0005936723446421231,-0.0014587246071529236,0.00029459107215677326,-0.0024756869483119302,0.00033440640292453346,-0.0017380275499700043,-0.00037490245159250773,0.0015276958508513318
1.0834894627779981e-07,3.0493093945509667e-06,-0.0005732282010366685,-0.001420528400487864,0.00034615109697254507,-0.0024936079705140278,0.00029225602526533937,-0.001738322620535173,-0.00036030091862446033,0.0015490551636646215
1.118985330912333e-07,3.16162470640491e-06,-0.0005547941804541767,-0.0013803379572523203,0.00039619409822672753,-0.0025165792093065045,0.0002454629396526827,-0.001736680627900656,-0.0003418560202313938,0.0015724189434467445
1.1546032961136904e-07,3.2742977033320915e-06,-0.0005380636907004274,-0.001338636528018493,0.0004441095621024475,-0.002544045347839948,0.00019489643943603187,-0.001732873074085658,-0.00031979934336794,0.0015976460128849514
1.1903461522100908e-07,3.387352684739767e-06,-0.000522813657472077,-0.001295662958718246,0.0004892843839675962,-0.0025754727447594478,0.00014127526566686303,-0.0017267981296722806,-0.0002945063432388349,0.0016244486216672484
1.2262167305454755e-07,3.5008159054586124e-06,-0.0005088986159121903,-0.0012515728297009291,0.0005310619309595663,-0.002610391103344628,8.520313569773989e-05,-0.001718413407933001,-0.0002665037334622926,0.0016524067061328813
1.2622178802846894e-07,3.6147154187086774e-06,-0.00049616709784528,-0.001206684680922718,0.0005688611993233337,-0.002648309991706481,2.7289543358514367e-05,-0.0017076543356121018,-0.0002363768691271901,0.0016810877280466524
1.298352447698981e-07,3.729080569876839e-06,-0.00048440979099252993,-0.0011615368375151426,0.0006023499260686629,-0.0026885820000846585,-3.177170713485936e-05,-0.0016944657549437033,-0.00020464672440909313,0.001710146243256975
1.3346232547293438e-07,3.8439419279279685e-06,-0.0004733745971546823,-0.0011167220038562373,0.0006314286232712183,-0.002730337887695985,-9.121439361283285e-05,-0.0016788908988494004,-0.00017172124210104115,0.001739291843494994
1.3710330771463414e-07,3.959330680715203e-06,-0.00046279810677829063,-0.0010727171220648846,0.0006559672766351117,-0.0027725709861726854,-0.00015028239285195069,-0.0016610720480818067,-0.00013796107409584342,0.0017681673478912073
1.4075846226417063e-07,4.075278283339276e-06,-0.00045239872554502197,-0.001029903442716031,0.000675574549521099,-0.0028143125323668245,-0.00020833790025079487,-0.0016411390274768322,-0.00010379120857742055,0.0017962949840374907
1.4442805091993368e-07,4.191815778620082e-06,-0.00044186006112798286,-0.000988703850084583,0.0006896989885213079,-0.0028547482270366506,-0.0002649263688647538,-0.0016191164601556157,-6.974841437520536e-05,0.0018231797043057965
1.4811232441006412e-07,4.308973580834707e-06,-0.000430857197563212,-0.0009496220573568866,0.0006979964644746858,-0.0028931679396231244,-0.0003197164092688007,-0.0015949719279780112,-3.6416655691323385e-05,0.0018484691767147927
1.518115203921398e-07,4.426780752953342e-06,-0.0004191149036945122,-0.0009131168235122142,0.0007005680070386048,-0.0029288143642257356,-0.0003723209363624418,-0.001568758326407624,-4.312788577152391e-06,0.0018719891488375127
1.5552586158738043e-07,4.54526457004155e-06,-0.00040643569323697154,-0.0008794890743112568,0.0006978090163388506,-0.0029608071688882426,-0.0004221632521582952,-0.0015407066827115854,2.6155136407618558e-05,0.0018935927140149983
1.592555540838989e-07,4.6644497908862296e-06,-0.000392657216435329,-0.0008489503594440085,0.0006900552574812897,-0.0029882310387754035,-0.0004685829148331686,-0.0015111855498314204,5.4609530951658106e-05,0.0019129658294473647
1.6300078584204996e-07,4.784358431401892e-06,-0.00037757027469024996,-0.0008217830323273345,0.0006774201502097161,-0.0030102939377709844,-0.0005111405006983715,-0.0014805838236666724,8.059895243537016e-05,0.0019296021445455325
1.6676172543296846e-07,4.905009071801377e-06,-0.00036088754620787857,-0.0007983789690332371,0.0006599580860442012,-0.0030263849530796916,-0.0005498181741794919,-0.001449228956217433,0.00010360204494833112,0.0019429942884521165
1.7053852103883897e-07,5.0264164912545e-06,-0.00034230274872849257,-0.0007791004177383814,0.0006379034192015218,-0.003035991257993873,-0.0005848557935560342,-0.0014173825685190769,0.0001231739305234772,0.0019528710858142133
1.7433129974038486e-07,5.148591052414337e-06,-0.00032159722374553953,-0.00076414966170749,0.0006117077719589172,-0.003038592402255445,-0.0006163498915705242,-0.0013852879178279627,0.00013909677482902157,0.001959253375688809
1.7814016711351655e-07,5.271538628933581e-06,-0.0002987080006986814,-0.0007536184525334735,0.0005818886417746348,-0.0030336760358648713,-0.0006440324021741441,-0.001353222179725858,0.0001513752965095334,0.0019622908371937807
1.819652071530768e-07,5.395260106754537e-06,-0.0002736957194833589,-0.0007476270551885454,0.0005489174456684771,-0.0030208555620040416,-0.0006674869147300772,-0.001321539858921937,0.0001600644240254256,0.001962066244487774
1.8580648253717566e-07,5.519751250933095e-06,-0.0002466307245647581,-0.000746348260611445,0.0005132553328144383,-0.0029999550878327995,-0.0006865851921306722,-0.001290681896551418,0.0001650807822369065,0.001958574155982337
1.8966403524085953e-07,5.645002357666324e-06,-0.00021747831059245863,-0.0007498765156277986,0.00047543325972671706,-0.002970964693713189,-0.0007016736933223002,-0.001261128022758747,0.0001661850448194604,0.00195187387375558
1.9353788750274728e-07,5.770998481220901e-06,-0.00018608653523637835,-0.0007581449302806849,0.00043604422158783284,-0.0029339334577157105,-0.0007133282802636509,-0.0012333103587766395,0.00016315605992723483,0.0019422189144812636
1.9742804314296657e-07,5.897719262448246e-06,-0.0001522919983546938,-0.0007710239775442599,0.0003956760868214328,-0.002888931990040109,-0.0007219739123565201,-0.0012075534826562517,0.00015599021924418208,0.001929999720852131
2.0133448922523037e-07,6.025139145932163e-06,-0.00011605886432159927,-0.0007884717313063352,0.000354892075435372,-0.0028361308625619,-0.0007277938216113518,-0.0011840970682121146,0.00014495243791751638,0.0019155676637592465
2.0525719805033414e-07,6.153227400176396e-06,-7.751509155108589e-05,-0.0008104970696839905,0.0003142605049694065,-0.002775900918068275,-0.000730983974735964,-0.001163175564106646,0.0001304481118544061,0.0018991542271335467
2.0919612946276306e-07,6.281948724796087e-06,-3.6854699760103516e-05,-0.0008369418893741538,0.000274348434044479,-0.002708820225606833,-0.0007320219789413308,-0.0011450678334783114,0.00011285354270749667,0.001880990600914858
2.131512334466149e-07,6.411263465284179e-06,5.7857179328385175e-06,-0.0008673793640713556,0.00023566209604627478,-0.002635580415914538,-0.0007316430615318418,-0.0011300695109071187,9.24553219030805e-05,0.001861495524612367
2.171224529816629e-07,6.541128215997676e-06,5.032850320007906e-05,-0.0009013162596361374,0.00019862428116103803,-0.0025568734203166746,-0.0007305847002841304,-0.0011184364540292304,6.953450307655551e-05,0.0018413243352171636
2.2110972712531947e-07,6.6714962191869736e-06,9.661829151907292e-05,-0.0009385008925987487,0.00016365000464004092,-0.002473354858421416,-0.0007293926076094922,-0.0011103774719156986,4.4483887452051964e-05,0.0018212330392958298
2.251129942814327e-07,6.802318337372753e-06,0.0001443095808789748,-0.000978965232227524,0.00013122924940951993,-0.0023857015953147854,-0.0007284556376004297,-0.0011061034848275837,1.7837165743010884e-05,0.0018019189682964797
2.2913219561250767e-07,6.933543613017428e-06,0.0001929287439127884,-0.0010227106369753922,0.00010188039641123902,-0.002294712346404409,-0.0007281619242380258,-0.0011058635504972033,-9.814709069104421e-06,0.0017839962684680927
2.331672785480076e-07,7.065120189659662e-06,0.00024207191937535694,-0.001069386884112683,7.600194857028457e-05,-0.002201366255608731,-0.0007289837636453968,-0.0011098922374411,-3.7934453889222824e-05,0.0017680754077713876
2.3721820033807225e-07,7.1969959961183646e-06,0.0002915351403350495,-0.001118323598910609,5.3801099991688414e-05,-0.0021067856212352853,-0.0007314479057583314,-0.0011183031488910975,-6.606352918347126e-05,0.001754815032340916
2.4128493159923107e-07,7.329119965222797e-06,0.00034123960309326756,-0.0011688662574617916,3.540418027279536e-05,-0.0020121197854272594,-0.000736073520969417,-0.001131035245808875,-9.37345972224738e-05,0.0017448799519238728
2.453674597966584e-07,7.461442795641718e-06,0.00039102403494547806,-0.001220629187339229,2.1029674644853086e-05,-0.0019184343046491166,-0.0007433360304024919,-0.0011479096627893847,-0.00012036459879277838,0.001738878185454092
2.494657926061578e-07,7.593918026178995e-06,0.00044051133424073425,-0.0012734037824356794,1.1018828733983377e-05,-0.001826696674340826,-0.0007536436949019951,-0.0011687464670411243,-0.00014524628384037346,0.0017373698164129512
2.535799610985335e-07,7.726502820005395e-06,0.0004891728333669264,-0.0013268792667666207,5.677656890794248e-06,-0.0017378711902995894,-0.0007673212480442126,-0.0011934354017513723,-0.0001676611942673115,0.0017409233557098512
2.577100226892025e-07,7.85915922689185e-06,0.0005365170018819332,-0.0013805182445031285,5.101527710045262e-06,-0.0016530195155131195,-0.0007846380826802417,-0.00122189389979507,-0.00018701209978887401,0.0017501249563288224
2.6185606379699056e-07,7.99185492944309e-06,0.0005822300986678394,-0.0014336973114777397,9.15113206109945e-06,-0.0015732770129271514,-0.0008058767096616637,-0.0012539681467503843,-0.0002028607268347826,0.001765510493163012
2.6601820215790413e-07,8.12456424100022e-06,0.0006261617434580457,-0.0014859046384304662,1.757648901228477e-05,-0.001499696622968585,-0.0008313545669913888,-0.0012893843941129519,-0.0002148560933926578,0.001787487443785285
2.701965887423945e-07,8.257268816912844e-06,0.0006681865927295115,-0.0015367753372858913,3.0151274057748165e-05,-0.0014330896760631625,-0.000861329358273234,-0.001327804294054063,-0.0002226540835615233,0.0018163298344472687
2.7439140922812777e-07,8.389958565261059e-06,0.0007080703245759854,-0.0015859745776497815,4.671367112234093e-05,-0.0013740192742542868,-0.0008958706580337802,-0.001368921259694156,-0.00022590559378591176,0.001852227442348218
2.7860288498459205e-07,8.522632157116053e-06,0.0007454577126768128,-0.0016331157946312665,6.713528917568256e-05,-0.0013229556257259693,-0.0009348469436803842,-0.0014124822255354367,-0.00022429776501226072,0.0018953141853402281
2.828312735308758e-07,8.655297755575405e-06,0.0007799842021756989,-0.0016777969572060387,9.12752071230313e-05,-0.0012804425099803825,-0.0009780487466381313,-0.0014581883367541287,-0.00021756915107144748,0.0019456412630681136
2.8707686843373415e-07,8.787973575200204e-06,0.0008114101865355883,-0.001719664082580083,0.00011894131213537458,-0.0012470988257912109,-0.0010253016077462242,-0.0015055670436470133,-0.0002054830079999835,0.002003129324464615
2.913399986193776e-07,8.92068824847286e-06,0.0008396345365405938,-0.001758400825008403,0.00014985702566217804,-0.0012234413360755758,-0.00107643022718908,-0.0015539549763190265,-0.00018782503875799537,0.0020675403987066307
2.9562102707937727e-07,9.053480580049253e-06,0.000864558557161096,-0.001793667915827444,0.0001836603213616154,-0.0012096865697746656,-0.0011311274082642596,-0.0016026474255005816,-0.00016446617701331595,0.0021384761939543823
2.9992034895846484e-07,9.186399705174334e-06,0.0008859363872091576,-0.0018250977106236722,0.00021995909975102717,-0.0012057155797130562,-0.0011889042088221089,-0.001651091932524379,-0.00013543939509104357,0.0022153894589676355
3.0423838901980973e-07,9.319505454169683e-06,0.0009034004149867251,-0.001852350488172412,0.00025840247344532426,-0.0012112194715943976,-0.0012491853647363688,-0.0016989434256453296,-0.00010094844790901123,0.002297614592698866
3.085755984914256e-07,9.452868483944675e-06,0.0009166584425034669,-0.0018751636556268766,0.00029869017391434284,-0.0012258668073209028,-0.0013114277049722232,-0.001745927959726642,-6.129162119852379e-05,0.002384428539140679
3.1293245130564324e-07,9.586569185538795e-06,0.000925660123335759,-0.0018933364602997768,0.0003405040030638679,-0.00124932917894519,-0.0013751119691623919,-0.0017916469837793722,-1.6791685495259944e-05,0.0024750972732575927
3.1730943975190406e-07,9.7206965874988e-06,0.0009305357800405474,-0.0019066907843321688,0.00038345202373483094,-0.0012811653316612747,-0.0014396403663862994,-0.0018355161968162039,3.219434547328844e-05,0.002568854164979947
3.217070695714666e-07,9.855348025452186e-06,0.0009313665477740341,-0.0019150612926272488,0.00042711277519654064,-0.001320714951846397,-0.0015042824975473412,-0.0018768845041048014,8.51975757667452e-05,0.002664812148876254
3.2612585453074816e-07,9.990629520393907e-06,0.0009280535083832043,-0.001918304293335654,0.0004711508818563933,-0.0013671300143563486,-0.0015682219419786972,-0.001915180193715517,0.0001415990424165171,0.002761893166076967
3.305663105179336e-07,1.0126654794819488e-05,0.0009204394812334595,-0.0019162756023116648,0.0005153692765561326,-0.0014195111060658118,-0.0016306103506201486,-0.0019499283551945577,0.00020068075979164275,0.0028588495787775373
3.3502894921497633e-07,1.026354292484094e-05,0.0009085378657257567,-0.0019087910606304214,0.0005596190088438139,-0.001476993883735557,-0.0016905490939823618,-0.0019806485579515307,0.00026171884296265793,0.0029543549702477187
3.395142714041624e-07,1.0401416083289592e-05,0.0008925848678994765,-0.0018956454774989055,0.0006036516079490835,-0.0015386857479988353,-0.0017470598464559715,-0.002006781343902525,0.0003240406001591343,0.0030470679251768957
3.4402275997480314e-07,1.0540399422506806e-05,0.0008728450783864038,-0.001876716301959022,0.0006470774243546105,-0.0016035242333849896,-0.0017991476180953263,-0.0020277417517373833,0.0003869930793568872,0.0031356165652765555
3.485548727013896e-07,1.0680621497403408e-05,0.0008493873901899101,-0.0018520495747105063,0.0006894851302962322,-0.0016702066924539818,-0.0018459306198958182,-0.002043028148393589,0.00044985944628851666,0.0032185608921134865
3.5311103486944847e-07,1.0822212761766315e-05,0.0008220934495884995,-0.0018218098669668058,0.0007305979595911534,-0.0017372668687185764,-0.001886674982071467,-0.0020522546656739846,0.000511801751932168,0.003294412249014387
3.5769163182945676e-07,1.0965301381898575e-05,0.0007908856899160307,-0.0017861187124734476,0.0007703044388867558,-0.0018032305402443183,-0.0019206695113631858,-0.0020551012605934367,0.0005718820039988241,0.0033617137949209504
3.6229700156226193e-07,1.1110010198334065e-05,0.0007559350445169109,-0.0017449427047822822,0.0008085382912939717,-0.0018667268434520207,-0.0019470763506630041,-0.002051287721058259,0.0006291512876002154,0.0034191030749645105
3.669274273416425e-07,1.1256457275032183e-05,0.0007176462126220465,-0.0016981618793856128,0.0008451483745443085,-0.001926491104089894,-0.001964940796292663,-0.002040625935050959,0.0006827399099903901,0.0034652854209742635
3.7158313058067515e-07,1.1404757927860304e-05,0.0006764499951208462,-0.0016457474343068755,0.0008799056980999941,-0.0019813017386531508,-0.001973362121890936,-0.0020230468016056067,0.0007318698730906846,0.003498959872062006
3.7626426394863605e-07,1.1555022528409104e-05,0.0006325956216664393,-0.001587861451604679,0.0009126344384739171,-0.002029926794628958,-0.0019716442329830997,-0.0019985006499905617,0.0007757832886109911,0.003518794414388437
3.809709048440236e-07,1.170735017735817e-05,0.0005860998820710207,-0.0015247850659785502,0.0009433239147528213,-0.0020711282739501614,-0.0019592688484359037,-0.001966801014017906,0.0008136759056232141,0.0035235040446690478
3.8570304930713136e-07,1.186182453381196e-05,0.000536867979343659,-0.0014567718687063787,0.0009721040333388257,-0.002103720070808872,-0.001935741561064952,-0.0019276102882066887,0.000844734909118041,0.0035119801761517703
3.9046060645227323e-07,1.2018517026744305e-05,0.0004848857685342155,-0.0013839890108969335,0.0009991193732615563,-0.0021266358616550945,-0.0019005004092217488,-0.0018806265581435817,0.0008682575024625545,0.003483352922783579
3.952433934954434e-07,1.2177492120459896e-05,0.00043034626391650146,-0.0013065706526060644,0.0010244332744639968,-0.0021389526894227224,-0.0018529741744865913,-0.0018257916657457196,0.0008837177103603534,0.0034369354123322056
4.0005113144776804e-07,1.233880485507566e-05,0.0003735990679483059,-0.001224668382456795,0.001048044881787236,-0.0021398498037867495,-0.0017927153107404879,-0.001763292820592954,0.0008906867832759431,0.0033721068352717083
4.0488344153878633e-07,1.250249022274114e-05,0.0003149667465186925,-0.0011384125954940123,0.0010699713312148943,-0.002128545782154937,-0.0017194846085394038,-0.0016933663186699964,0.0008886881122145238,0.0032882533220198154
4.097398424263166e-07,1.2668556853539059e-05,0.0002545948151929536,-0.0010478559110930392,0.0010902892203406363,-0.002104302998427194,-0.0016332436133036517,-0.0016161386278888412,0.0008771707233059622,0.0031848394875537613
4.1461974824160517e-07,1.2836994996781794e-05,0.0001925087101585682,-0.0009530307332501921,0.0011090905299814486,-0.0020665325202515517,-0.00153409404306561,-0.0015316689447108561,0.0008556766501086109,0.003061555872257959
4.195224675096412e-07,1.3007790981028605e-05,0.00012883264733014825,-0.0008541057951975809,0.0011263995778790785,-0.0020149164196169578,-0.0014222096914768218,-0.0014400979657344637,0.0008240499185903691,0.002918410053233544
4.2444720297512644e-07,1.3180929619515234e-05,6.391486469931139e-05,-0.0007514620943846503,0.001142144490176263,-0.0019494162186161777,-0.0012977808734509976,-0.0013416846484156483,0.0007824625632607165,0.0027556823269030643
4.2939305235463593e-07,1.335637830228792e-05,-1.8262054161825912e-06,-0.0006455642961153644,0.001156235896301784,-0.00187014522974147,-0.001161012733129959,-0.0012366898372305536,0.0007312215799406786,0.0025737976049958014
4.3435901086310745e-07,1.353406843343807e-05,-6.819486456216233e-05,-0.0005367242378624083,0.0011687000155645112,-0.0017772448643009772,-0.0010121852640810531,-0.0011252947551973413,0.0006705475341641107,0.0023732421185823746
4.393439739162547e-07,1.3713894261283246e-05,-0.0001353206125655585,-0.0004249989698485708,0.0011797522436890787,-0.0016709049789158021,-0.0008517347340434613,-0.0010077026974771037,0.0006005476072300524,0.002154599527085494
4.443467399067537e-07,1.3895730072619806e-05,-0.00020342470826460423,-0.00031034061597992943,0.0011897306671130395,-0.0015515072366304513,-0.0006802633197655451,-0.0008843140714723616,0.0005213896324654373,0.0019186392973477217
4.493660146299615e-07,1.4079446943388132e-05,-0.0002724885098298632,-0.00019285594162945355,0.001198928507155199,-0.0014197219929683918,-0.0004984512005617037,-0.0007557484360833366,0.00043348104529124834,0.0016663438347577907
4.5440041657984563e-07,1.4264912916152461e-05,-0.0003421900082636241,-7.291733496422073e-05,0.0012074597079058354,-0.001276439769759356,-0.00030698335758580183,-0.0006226564548061664,0.00033747726982561463,0.0013988477748725153
4.594484830730959e-07,1.4451981005396052e-05,-0.000412174776775946,4.896468114545731e-05,0.0012152820274759241,-0.0011226185506060596,-0.00010660453189703482,-0.0004855245996611996,0.00023414039196874214,0.0011173736473414917
4.645086771496614e-07,1.4640482029681863e-05,-0.0004823544224332317,0.00017236605899745958,0.001222353113570741,-0.0009592152784506156,0.0001017349212534797,-0.0003446888394438312,0.0001242166268453906,0.0008232521652911227
4.695793951887543e-07,1.4830230192930788e-05,-0.0005529055128443256,0.00029705965998118474,0.001228768306992175,-0.0007872644133426324,0.00031683211290759665,-0.00020052104137271976,8.431930102786782e-06,0.0005179977318672775
4.746589751708805e-07,1.5021032718020415e-05,-0.0006239842321118887,0.00042294796337241896,0.0012347475218468153,-0.0006079849446346379,0.0005373973396802443,-5.355538051460421e-05,-0.0001124245174890993,0.00020333824534781933
4.797457055087294e-07,1.5212692324224821e-05,-0.0006954685257278422,0.0005499222875499524,0.00124049843618442,-0.00042278818859515957,0.0007623019767586948,9.55723044746266e-05,-0.0002374403390042956,-0.00011885550922643862
4.848378343629641e-07,1.5405003527247524e-05,-0.0007670022527619152,0.0006777783071479684,0.0012461148707663314,-0.00023318435548057238,0.0009906396051507344,0.00024626336557570966,-0.0003655979966505813,-0.00044668111375155775
4.899335793531258e-07,1.5597751829788496e-05,-0.0008382801598057527,0.0008062330427900204,0.001251607510947471,-4.0679734844705954e-05,0.0012215173776362886,0.0003979996608237254,-0.0004958384743978882,-0.0007782585489041399
4.950311375691172e-07,1.5790718591157427e-05,-0.0009092941681149644,0.0009349821469282071,0.0012570080675927168,0.00015326178868894442,0.001453795638454371,0.0005502764625869915,-0.0006271120273160573,-0.0011117171576045153
