0,1,2,3,4,5,6,7,8,9,10,11,12
-1.7991178323028352e-23,-3.2756352257099896e-22,4.336808689942018e-19,-6.471331717022855e-19,1.6263032587282567e-19,8.131516293641283e-19,3.3881317890172014e-19,6.911788849595091e-19,1.1248597539537109e-18,2.439454888092385e-19,2.710505431213761e-20,2.7917345673664684e-24,0.0
9.771154443678642e-12,-1.9204490966950512e-07,-0.0023355412209498235,0.0017022362741772258,0.0004349777158223411,-0.002348477420582722,-0.0007228439123656285,-0.00015102640901946485,1.4683555914729e-05,-0.000448688930798311,0.006532420556489677,-1.0354001369066739e-12,0.0
8.098055093466406e-12,-2.056317937141988e-07,-0.002642879358971067,0.0019664364986002646,0.0006799379436245142,-0.0025496213954317305,-0.0009612380156889814,-0.0005809144968713654,-0.0005958368057876636,-0.0008179854032254333,0.00728348479227749,-6.6560422455292124e-12,0.0
1.692824177422924e-12,-4.593168817144719e-08,-0.0007310898103500545,0.0005502907971734167,0.0005521436436028263,-0.0006855836447980572,-0.0005430067079472567,-0.0009507323709371501,-0.0012491592172403404,-0.0011117280065822003,0.0021776531787689184,6.285215276603273e-12,0.0
-4.623375214137023e-12,1.1814603036597151e-07,0.0015882671391089043,-0.001304087070504801,-4.7347042522512955e-06,0.0012499417745761683,0.00023741462073408948,-0.0006203842505372794,-0.0008028420753502907,-0.0011665833478562131,-0.003583078447916081,-6.233148881957103e-12,0.0
-8.25905170389563e-12,1.4395760459299767e-07,0.00216917354158679,-0.0019241634273104167,-0.000697371639849053,0.0016115327303928124,0.0007998781402868734,0.0004757183513503736,0.0007920697410251673,-0.0005180030935199323,-0.005186422405273618,1.4242793870715953e-11,0.0
-8.673023755232599e-12,5.0970230482311505e-08,0.0006489913976987915,-0.0007561223059816423,-0.0009815549614915686,0.0006618507521083095,0.0007660977446158592,0.0014553300826853353,0.002023153476613785,0.000984848893819922,-0.002607092200929685,-8.759010727866634e-12,0.0
-6.7780561227150005e-12,-3.716881415984045e-08,-0.0011816579490122989,0.0010091405949688567,-0.000501028534037042,-0.0001880359425638934,0.0002796840458392126,0.0013326566879812204,0.001430816713632666,0.0024761892700150795,0.0005956489826403598,1.8312670128408432e-11,0.0
-4.138757653720474e-12,-4.6800468961333624e-08,-0.001276659614622146,0.0015798645948985604,0.000487513429638631,-0.000196811899708318,-0.00022124708756511772,8.404902173673562e-05,-0.000578358810594442,0.00245291714253164,0.0017044601554332625,-1.420396824353689e-11,0.0
-2.211381956304954e-12,-1.398375148749375e-08,0.0003629353138235187,0.0004579043599459158,0.0011771837028122433,0.00010536340488809099,-0.0004960288658440528,-0.0012361830147648366,-0.0020383603520011603,0.00037981605872679003,0.001113388388123695,2.1332904483261495e-11,0.0
-1.829157550695874e-12,-4.589023158764799e-09,0.0016382145940195226,-0.001002639501838118,0.000899731234461025,-4.945612003484031e-05,-0.0006124041536302746,-0.0015198890899163734,-0.0015653128941113517,-0.002317007193523909,0.0006179781819277455,-1.8892972381600552e-11,0.0
-3.033485321436289e-12,-2.3619902198416668e-08,0.0007574771353609816,-0.0011163987723984384,-0.00016831056189576063,-0.0006088247156444305,-0.0005815251871034926,-0.0006591854859426592,0.0002006750829477094,-0.0033381064385629407,0.0007809213378737202,2.6184933423587486e-11,0.0
-5.228499071211705e-12,-2.687719282431323e-08,-0.0015460516389244276,0.00017962690478367407,-0.0010687757371381995,-0.0008907022717455584,-0.00018121155763092011,0.00047915215129914286,0.001414287026966282,-0.001770586438556886,0.0006976982706974012,-2.1641349397261153e-11,0.0
-7.537129162830165e-12,4.638619325917129e-09,-0.002668366325772712,0.0012525441872637804,-0.0009807334108732323,-0.0004917420183270786,0.0006340223997779678,0.0009836848468963663,0.001110750440554814,0.0009467894673087225,-0.0002272682283013798,3.228818460733507e-11,0.0
-9.191814606219962e-12,3.8439819540157745e-08,-0.0010302229102555525,0.0007317640233178379,-7.000400088015133e-05,0.0002930284803480567,0.001272017859554153,0.0007186413620860063,1.4604058255858672e-05,0.0024983284904980256,-0.001276881480028209,-2.4455546443364866e-11,0.0
-9.811143642311132e-12,3.7918016093642484e-08,0.0019727828492096043,-0.0008374274074241382,0.0006894133780560121,0.0009326116875670789,0.0009536295771588204,0.0002293574310198378,-0.000577765844585279,0.0019559084718499212,-0.0013883440061903491,3.7511940834563785e-11,0.0
-9.480538524392173e-12,8.357400382641501e-09,0.0033805224718193748,-0.0015962436499759626,0.000595230089280476,0.0011257263122067013,-0.00031552336028803054,1.2891490539698714e-06,-0.0003074886643045349,0.0003751609457780504,-0.0005146317739863852,-2.792638598739707e-11,0.0
-8.640521531960387e-12,-1.65162647573435e-08,0.0017984660354223862,-0.0005734139942385298,-1.9096659494223143e-06,0.0007967144950968711,-0.0014631427008924822,-1.9975307099428364e-05,0.0001346082088930124,-0.0006915957890727775,0.0004277607497388059,4.223524606875154e-11,0.0
-7.856913333076353e-12,-1.8380195390944747e-08,-0.0012262939430232865,0.0011768399342638115,-0.0002106079920751203,-4.1734408761388375e-05,-0.0013929451769787748,-0.0002123427508393757,7.472950061075798e-05,-0.0008230719236222367,0.0007227681381682487,-3.201316828032566e-11,0.0
-7.579781761684385e-12,-8.738083458750101e-09,-0.0029624671866975115,0.0017751077920849442,0.00019321707562483179,-0.0011133143190988663,-0.0001941606190400856,-0.0006852581110695654,-0.0003286273941101646,-0.0006931868014196434,0.0005098559225125864,4.62781298585634e-11,0.0
-7.985513969176948e-12,-4.814478829364091e-09,-0.0022345295235391,0.0006047585855338373,0.00044578229589754847,-0.0017348548594923819,0.000976648934877854,-0.0010129824624998283,-0.0004755163565228846,-0.0007855990568916896,0.0002903295491845135,-3.6644485478216286e-11,0.0
-8.950071730543998e-12,-6.737579413428965e-09,-0.00016315865561096629,-0.0011000775541608926,-0.00014397989196150262,-0.0012212697067332885,0.0011834097726016618,-0.0006479241633590574,-0.00013628710709884348,-0.0006911169125784964,0.00020330450468634536,5.063900680278861e-11,0.0
-1.0143664611946277e-11,-3.537165472578498e-09,0.001427330709177797,-0.0016540107839929758,-0.0010720205546612001,0.00032912558042590487,0.0006221800450531772,0.0004594695661589014,0.00037403032861093243,0.00014367359733649958,2.840215232729202e-05,-3.957727020100946e-11,0.0
-1.1191496564147117e-11,7.244106479399735e-09,0.0017594208680852927,-0.0006726912479719117,-0.0010626545069797088,0.001842761804940374,2.6772927944512348e-05,0.001586125190285026,0.0006558978519310023,0.0013256787353091905,-0.0003083353848390056,5.6639319972682974e-11,0.0
-1.1827766711728807e-11,1.521394736281184e-08,0.0012283956740500286,0.0007202263921283072,0.0002893202973326788,0.002097038083957527,-0.0003248056644354283,0.0017605633892335995,0.0005885524625870758,0.0016273533273079067,-0.0005501458382810327,-4.323871834745199e-11,0.0
-1.1983560149498866e-11,1.15374272665215e-08,0.000396380000047905,0.001212436044047506,0.0016896786876588158,0.000817700473206249,-0.0007087546068070562,0.0006219207829833329,0.00021894159601305884,0.0004197967961505158,-0.00045093837147988864,6.032115476317646e-11,0.0
-1.17840205115028e-11,3.7727209375419714e-10,-0.0005328978252501478,0.0005657748775928482,0.00145799655949549,-0.0010450713316570576,-0.0010920930291317122,-0.0011478256787184069,-0.0003957785831504222,-0.0013203852340053477,-9.51838927974526e-05,-4.683390852157366e-11,0.0
-1.1469574219559571e-11,-7.415929095181263e-09,-0.0013220915327867757,-0.0003702299405118155,-0.00039532346700291523,-0.0021326962290921757,-0.0008337032201137123,-0.0022550828687195783,-0.0009946368459903447,-0.0018261668265461663,0.00021995773850193062,6.752049347039418e-11,0.0
-1.1283766725690283e-11,-7.66214389500951e-09,-0.0014363938587660132,-0.0006703587360218266,-0.001926085733652406,-0.0017185450437245356,0.00041769306933150816,-0.0018067192753359628,-0.0010382210635629227,-0.0004503739085227541,0.00031542613470284935,-4.863614191683651e-11,0.0
-1.1377110584706435e-11,-4.899530120495446e-09,-0.0005851832309652805,-0.0002328662747931279,-0.0013907148731542654,-0.00014216402293249712,0.0017877679892119303,-6.366373748243752e-05,-0.0001898703958407935,0.001454974628292365,0.00024286815082877062,7.014613213512329e-11,0.0
-1.1762534679177162e-11,-3.281853353218144e-09,0.0006655635826516044,0.0002685652337537237,0.00068452069918131,0.001484052217156172,0.0017985566031566863,0.0017451661911243575,0.0010596854392293513,0.001835720848072412,0.00012733351598103967,-5.7114081014727687e-11,0.0
-1.2332090169306606e-11,-1.6191101936513043e-09,0.0012792614594602395,0.0002301157130264587,0.0019961646327102877,0.0020448899219366466,6.979688378811938e-05,0.0023299494079005558,0.0015820090137566726,0.00017184105742960832,1.6903820932977383e-05,7.317931288904159e-11,0.0
-1.2918692346478597e-11,1.7887465791174538e-09,0.0008145332887021076,-0.00022570547439598678,0.0010501209310583202,0.001150132706115145,-0.0019367626064120918,0.0012907196732427732,0.0007501029361612421,-0.0018431077249814434,-9.638865238220239e-05,-5.725354213130864e-11,0.0
-1.3371251997427469e-11,4.835031025603632e-09,-6.537268880807694e-05,-0.00043057920767848785,-0.0011337766200950872,-0.00055012174450294,-0.002241333684735104,-0.0006051361870649143,-0.000746538478209935,-0.002048015088425071,-0.00019065948072982154,8.160727586530087e-11,0.0
-1.3611212660026042e-11,4.778624713567771e-09,-0.00040526062250815544,-5.489399151540394e-06,-0.002167287146433633,-0.0017743944003133561,-0.00047059637480408804,-0.0019972108814908405,-0.0015226953255540812,-0.00014638300603315665,-0.00020972118911794695,-6.31567944341852e-11,0.0
-1.365108200919369e-11,2.2159586572922512e-09,-8.777871703790827e-05,0.0005922563672010979,-0.0009099136523684642,-0.0016177745697660043,0.0016924748090249037,-0.0019290618847400847,-0.0009413370048503246,0.0019828462335442997,-0.0001300488791056431,8.121259071766782e-11,0.0
-1.3573921804085542e-11,-5.892399756800727e-10,0.00014789146706514886,0.0005589433881889494,0.0013601117830226025,-0.0002735018255899061,0.00221375504716525,-0.0004870928796738168,0.0002419933519670558,0.0022911000531699935,9.707910437230238e-07,-6.558610814791182e-11,0.0
-1.3488563001591445e-11,-2.6250461049417905e-09,-0.0002419471346893159,-0.00020876345881468584,0.0023953945501516243,0.0011434301351286157,0.0007209952727619133,0.0012451180739110697,0.0008553569066265115,0.0006043092237727154,9.928000809009824e-05,9.567779795927548e-11,0.0
-1.3482532962543785e-11,-3.385997713697802e-09,-0.0008564195059964609,-0.000820044545888687,0.0012629029031927348,0.0015873815642900165,-0.0012732858444545769,0.001985516576457619,0.0006442392574997867,-0.0013930815490796869,0.00010983753745453975,-6.311637858701472e-11,0.0
-1.3591796549412773e-11,-2.8685652172149167e-09,-0.0008037550983734823,-0.000434612679664375,-0.0009155484269204575,0.0008765375776772973,-0.0019750853900811992,0.0011893008311632688,0.0002943979441881307,-0.002051054160465154,0.00010272125316067348,9.15504551617889e-11,0.0
-1.3796303181542142e-11,-1.0103474185359813e-09,0.0001682364076132385,0.000592910524525563,-0.002258692650139759,-0.0003584531646623679,-0.0009445277290953179,-0.0005309358466075872,0.0002480012916641002,-0.0011926755021341294,2.458174277490807e-05,-8.316952366031781e-11,0.0
-1.4038371662122932e-11,4.1705506484212973e-10,0.001242881284867861,0.0009816005802392393,-0.0018275591624761771,-0.0012670941611734334,0.0007634938352515711,-0.0018293105530367557,8.129680029119227e-05,0.0001896791724468348,-2.186752845558318e-05,9.346592621880724e-11,0.0
-1.4252348431822466e-11,1.3254826528055612e-09,0.0013501583734601788,7.556625083661618e-05,-0.00018563726189721656,-0.0013162747312892504,0.0017259520414643424,-0.0016360233319298186,-0.0006685199970915684,0.0011586156898062106,-8.347944221600331e-05,-7.11245500397281e-11,0.0
-1.4391647636163583e-11,1.3831328959528014e-09,0.00033306497818186504,-0.001165829001958813,0.001388256354766752,-0.00044064207448586744,0.0012849673482398989,-3.9844792979455354e-05,-0.0014298439474530076,0.0014100171188331382,-7.522629610376972e-05,1.0964655434463078e-10,0.0
-1.4443007352497785e-11,1.2309299810923953e-09,-0.0008953665805713667,-0.0011995297511111,0.0019408607129924038,0.0008604115789786755,-0.00012669063088821084,0.001687321808025521,-0.0010205277374933075,0.0009683150541516094,-7.32665670652756e-05,-8.837414671254339e-11,0.0
-1.4424893419339355e-11,1.896390352933527e-10,-0.0012606687823926701,0.00021688200614712637,0.0013245849654101075,0.0016444527779592916,-0.0014410345424524743,0.002053146413018083,0.0007093697701773148,-4.502901376210466e-05,-1.849181255750786e-05,9.450536077975207e-11,0.0
-1.4373889454912567e-11,-7.713953731092428e-10,-0.0005691572645964182,0.001597827889658785,3.089758103610546e-05,0.0011601509175960536,-0.0016747531611552816,0.0006452259929550782,0.0022224098816258486,-0.0011618229332830546,-4.675644764603462e-07,-7.774752154390261e-11,0.0
-1.4326857213619683e-11,-1.3896633623648982e-09,0.00039758800706431586,0.00137692517779067,-0.0011845505609466905,-0.00037133834529602964,-0.0005901065807975759,-0.0013949591530728065,0.0018187122342439525,-0.0015263288019542634,3.983776388975178e-05,1.4423655655824777e-10,0.0
-1.4306662592203596e-11,-1.02533350714349e-09,0.000715436527703576,-0.00025698373902032553,-0.0016920136567827417,-0.0016953656621104235,0.0010392742112425302,-0.0022798118507714876,-0.0003287678538182234,-0.0006566627896511779,2.2474870752476987e-05,-8.262636454629019e-11,0.0
-1.4316198302359793e-11,-8.021198161228168e-10,0.00022814487536688575,-0.0015793975073277588,-0.0012548935956152093,-0.0016097559194722339,0.001909465888829498,-0.0012152668360688014,-0.0021658119791288554,0.000803553700015048,2.2066504256761728e-05,2.4975947663020798e-11,0.0
-1.4341220511959793e-11,-3.6209384912380183e-10,-0.0003782362194901895,-0.0012961159785428104,-0.00015043234879313645,-0.00018726747460221963,0.0012260381139638913,0.0008310952239628998,-0.0019693838222207966,0.0015010825814677402,-2.362660801443823e-05,-2.933786025026259e-10,0.0
-1.4359088218158424e-11,1.8444055132418134e-11,-0.0003408180318003439,0.00010911943146870668,0.000988400052228396,0.0012665906607995444,-0.0005152335325421086,0.0020108745407877667,-0.00020430257102451588,0.0007489925237550918,-2.6650173074125314e-05,-8.191756096693728e-11,0.0
-1.4348979197591521e-11,6.619384498649981e-10,0.0003660917649893064,0.0011030538890219352,0.0015332667184153445,0.0015464760568808266,-0.0018453579605877757,0.0013820708385920743,0.0012038831649348704,-0.0006858494761590374,-4.8242065293921653e-05,-1.2780367574087326e-10,0.0
-1.429961864425778e-11,4.2877370764296595e-10,0.0009393216000917194,0.0008555582493822399,0.001222211482624486,0.00066567081884977,-0.001602465371725391,-0.00022821441921089117,0.0011615244065028153,-0.0013591950786108285,-1.4708275823779719e-05,3.8712162659547114e-10,0.0
-1.4212274708551283e-11,-3.273929717321512e-11,0.0005684902065747,-4.111550565775513e-05,0.0002644169629074562,-0.00037918007296946555,-2.3582273833725815e-05,-0.001211827298776064,0.0004086008944203071,-0.0006423325464240687,-9.413123027961678e-06,4.1547096242355e-10,0.0
-1.409878900167879e-11,-5.26073345169818e-10,-0.000609453234869721,-0.0005338781246402311,-0.0007854370321609364,-0.0008227454335599829,0.0015076743238087247,-0.0008636328096421635,0.00015827796822688345,0.0007228421097997764,2.5693390174129794e-05,7.105248082648785e-10,0.0
-1.3975996449438429e-11,-3.218289345979437e-10,-0.0015164651341461992,-0.000310149224334988,-0.0013565746265105376,-0.0007077199014896487,0.0017099832022721144,6.406145588084392e-05,0.0003838018721398148,0.0014377266458088444,8.452856189023643e-06,2.9198453745834056e-10,0.0
-1.385270186436053e-11,-4.510096087569682e-10,-0.0011473715685611323,0.00011004261481393882,-0.0011558056043935176,-0.00046928096337890994,0.0005197625400336234,0.0004083421565821242,6.158179946376763e-05,0.0008784366638838688,1.2901381271275532e-05,1.6361883941673376e-10,0.0
-1.3728906135626332e-11,-4.876875940696019e-10,0.00033210641954459967,0.00020392267500182,-0.0003183802179268782,-0.0002299001856449837,-0.0009946364608422662,-4.203172254848127e-05,-0.0010859929424280046,-0.00047867810780254474,-2.4442815280387316e-05,-4.92951341695574e-10,0.0
-1.3604610152771983e-11,-5.838987796006785e-10,0.0016110393510231822,-1.0992922241519784e-06,0.0006440965221383838,0.00015472055430361772,-0.0016211982911168766,-0.000474279263753711,-0.0018556139092128004,-0.0015425436042210746,-1.9687259771005382e-05,-5.360767286262317e-10,0.0
-1.3479814823482803e-11,-2.1773439411496107e-10,0.0014849976231807818,-0.00016949268196725687,0.0011128688868232732,0.0006383707311238378,-0.0009490629954763633,-0.00015644132190773213,-0.00095508591097541,-0.0014654156305188093,-3.8175288065922725e-05,-8.066813844177008e-10,0.0
-1.3354521084993458e-11,-3.8456812499729416e-10,8.420042033847647e-05,-0.00014482465789340088,0.0008429085287294111,0.0009012152233503525,0.00039898573875010056,0.0006427446775520432,0.0011502473505448985,-0.00024044824588709116,-5.1521700390521415e-06,-2.133367947989183e-10,0.0
-1.3228729901702864e-11,-4.973925278526027e-10,-0.0012525906143985557,-5.5270968612708817e-05,0.00016097000465319918,0.0007165276919952951,0.001366359336102619,0.0010231382435140304,0.0024523163848761773,0.001243882025828669,2.7754779997761535e-06,1.6285184976789796e-10,0.0
-1.3102442249305347e-11,-6.043243040674183e-10,-0.0013058418415289957,1.228862359098896e-05,-0.0003402293742899927,0.000157717771551188,0.0012354608826415055,0.0004923414968150816,0.0015841027028732197,0.0018198787023629877,4.9360258694322666e-05,1.1391816624873972e-09,0.0
-1.2975659103476997e-11,-2.0213689493823257e-10,-0.0001827603124104288,0.00011408418885806775,-0.0003956416283521681,-0.0005638478663169253,0.00015710287978585737,-0.0004981955098006168,-0.0006009649302827014,0.0010131671761383423,4.916010361929931e-05,1.3202363903990884e-09,0.0
-1.2848381441654117e-11,-3.514230297999295e-10,0.0009108330095305806,0.00027725877175512043,-0.00029553668118404087,-0.00122126113736001,-0.0009728026537406708,-0.001085568942917957,-0.001970296983112442,-0.00047120812044729876,6.351009899768632e-05,1.4907580046089322e-09,0.0
-1.2720610257168396e-11,-4.828992927337571e-10,0.0009353211565852572,0.0003333678982524843,-0.00040870267191083377,-0.0014272229951617648,-0.0012275331923115543,-0.0008532842441403541,-0.0014151788552879097,-0.0013676643889184515,1.5665832021645076e-05,4.756741676663192e-10,0.0
-1.2592346570416825e-11,-6.088006280742742e-10,-6.783454681415327e-06,9.101313458305941e-05,-0.0005973868481511746,-0.0007003058955727364,-0.00045213467688286815,-0.00010251997056237388,0.00011891002619789318,-0.0010952443666285814,-1.3338637581442178e-05,-3.9792873407813155e-10,0.0
-1.2463591432743816e-11,-1.9695852848574123e-10,-0.0009288337333637992,-0.0003739389751307899,-0.00031532877771322127,0.000896460250619307,0.0005742632845446426,0.0005373400577270849,0.0009520708531048294,-0.000250227557686554,-7.71970512889453e-05,-1.7924806183600605e-09,0.0
-1.2334345915062819e-11,-3.220278694353059e-10,-0.0009315525662499209,-0.0006640403967142419,0.0005871598283700122,0.002275463149735838,0.0008763462129060766,0.0006928833967171586,0.0005702813359034134,0.00022653854833160381,-0.00010342163121732914,-2.584536277980597e-09,0.0
-1.2204611094544909e-11,-4.4553286414801064e-10,1.504995382028149e-06,-0.0004316742904322407,0.0013598568166453234,0.002033345028784733,0.0002764795713718736,0.000455960958442757,-9.939068682236703e-05,0.00019389150784897258,-7.055325613397384e-05,-1.6289382390807616e-09,0.0
-1.20743880499739e-11,-5.856862589942619e-10,0.0010921270030857333,0.00023206681078939757,0.0010442318967539704,4.4757826438960484e-06,-0.0004360496278257399,0.00014657122713888817,-0.00010257959201167923,0.00028831384830004414,2.9884101654336736e-06,6.784128660243939e-12,0.0
-1.1943677868892574e-11,-1.8939539395052664e-10,0.0013987205464548037,0.0007894133355641501,-0.0003035464715677102,-0.0021577250095365704,-0.0003928056428770979,-2.806955429476122e-05,0.00035908774406320364,0.0008168557383368245,7.347267592107474e-05,1.890810801359996e-09,0.0
-1.1812481662462702e-11,-3.1464639918326465e-10,0.0005513059206823118,0.0007223872973639715,-0.0014363451226683754,-0.0024554029716376737,0.0003053886128073616,-0.00016453315889515508,0.0003714318743770829,0.0011289240466892188,0.0001335035020811124,3.230387767450082e-09,0.0
-1.1680800573003444e-11,-4.290595129795276e-10,-0.0009184804548693492,3.4845257996846674e-05,-0.0012032912900974261,-0.0006856315722704403,0.0007074598392260212,-0.0004199281687427605,-0.00032972208777204724,0.0004322194552708198,0.00012998743874024658,3.302581197448199e-09,0.0
-1.1548635765683439e-11,-5.658272490455962e-10,-0.0018627660962823266,-0.0007045523117157639,0.00010426173732837446,0.0013134675391756891,0.0001370288723890491,-0.0006700531877237748,-0.0009227022056803792,-0.0009850510381210866,8.161772487111357e-05,1.936404446299612e-09,0.0
-1.1415988415955301e-11,-1.745261330343985e-10,-0.0013926618450619366,-0.0008396071949320207,0.0010316834820192906,0.0016708128502007182,-0.0008984002568829752,-0.0005120611777221325,-0.0005210364375906913,-0.0018492180113322172,5.983592906574193e-06,2.2151123015392993e-10,0.0
-1.1282859704514964e-11,-3.0332976884469094e-10,0.00025654115758987387,-0.00026921011910873533,0.000670007432664174,0.0005004847411308383,-0.0012162206615174568,0.00023573399528067733,0.0006026045823520521,-0.0012679067831613852,-7.464327559240146e-05,-1.8576803989908958e-09,0.0
-1.1149250826244116e-11,-4.136005407078373e-10,0.0017634281632244887,0.0004942339227961505,-0.00033520795985727376,-0.000498331904797761,-0.0002827819121165229,0.0010462174637206093,0.0011725434833580906,0.0002474143980145073,-0.0001946641233734666,-4.625427580853408e-09,0.0
-1.101516300060897e-11,-5.437508422532134e-10,0.0018362513361241434,0.0008021397559299048,-0.0006607973868468937,-0.0002678232339592887,0.001106421026181136,0.0010493280166214846,0.0004065249993900408,0.001381261394628114,-0.00026705475425550427,-6.610902728609223e-09,0.0
-1.0880597472492255e-11,-1.5139840620285497e-10,0.0004660751461017398,0.0004610707450281124,4.084446246404215e-05,0.0004296259454748206,0.001599323606856725,-4.238201372597805e-06,-0.0009682416631900016,0.0014240918370348591,-0.00017401850795094746,-4.244164046399336e-09,0.0
-1.0745555503709218e-11,-2.849552776310613e-10,-0.001052587436493801,-0.0001850387582443949,0.0007763071616184729,0.00024083169054182402,0.0006815303741462887,-0.0011972284302656008,-0.0014181676150786192,0.0007440976340066115,0.00010540000077675479,2.5245205329164825e-09,0.0
-1.0610038366982439e-11,-3.994912967669615e-10,-0.0014431070711758527,-0.0006321697315202952,0.000563310746453975,-0.0008357152164962822,-0.0008273013261262256,-0.0012437614143818707,-0.00030729201911386557,-2.95582922110299e-05,0.0003365869805845057,8.43500749117079e-09,0.0
-1.047404734842885e-11,-5.294720377313399e-10,-0.0006817393733399402,-0.00063452324105777,-0.0003422500405220238,-0.0013812742890520512,-0.0016108423998467721,6.526359419528397e-05,0.0013085180980700042,-0.0007105002223807269,0.00033377547817948084,8.186305497034762e-09,0.0
-1.0337583756601279e-11,-1.3466678789429582e-10,0.00020500014098069364,-0.0002580992572204817,-0.0008532259730891017,-0.0004320968568723137,-0.0010660831587806492,0.0014226080221702879,0.0017271596247455108,-0.0012759302675519372,0.00014663680760238922,3.6163217547282875e-09,0.0
-1.0200648924918684e-11,-2.6721494998838626e-10,0.0004677471265006882,0.0002904950660441558,-0.0004882226996099741,0.0011551978669738542,0.0002667491315155252,0.0013081354257415468,0.00045762044458743506,-0.0012977601901934545,2.298488601332058e-05,4.4421790583980506e-10,0.0
-1.0063244206540511e-11,-3.8254643100218857e-10,0.0003096937817621176,0.0007389579642268848,0.00015563148176013568,0.0016446301538959591,0.0012915150595761665,-0.0002987625402705237,-0.0012589569222002613,-0.00030331773570389407,-1.4601563495318296e-05,-1.9357404088381435e-10,0.0
-9.925370967044564e-12,-5.1288891203143e-10,0.0002826564951310068,0.0007670127213997303,0.000324070874238725,0.0005344769214564354,0.0012998738187957985,-0.0017660546291889798,-0.0017624818243287233,0.0012322353636276028,-0.00015701284358652466,-3.7518573257177974e-09,0.0
-9.787030584786634e-12,-1.1696544221158505e-10,0.0003835123686480695,0.00022289192468732017,0.00010741620689152902,-0.0008657708758479877,0.00036528178722303704,-0.0014904679528834684,-0.0007065837320655966,0.0019101093602792987,-0.0004990513332497295,-1.212177932999306e-08,0.0
-9.64822445920426e-12,-2.4823734801179524e-10,0.00016561830725620556,-0.0006137060061416279,0.00012793147726139427,-0.001089151696171284,-0.0008195993175725298,0.0003678990002440324,0.0007164180074323398,0.000844915561701046,-0.0006769304097969782,-1.6778840985880563e-08,0.0
-9.50895401637672e-12,-3.6363683321975043e-10,-0.0003852507577730389,-0.0010963616099205241,0.00048693551048656174,-0.00021643085148375388,-0.0014343326569092106,0.0019840249671901995,0.0011638549090932232,-0.0010404375726371224,-0.00028156381410680885,-6.9322672981586e-09,0.0
-9.369220705580194e-12,-4.951409240727432e-10,-0.0006255223587597539,-0.0007397608489932362,0.0005536518282538826,0.0004334453733559802,-0.0010082769379420342,0.0017334813881504266,0.0005662263088437446,-0.0017936183512666471,0.000556348103209362,1.3669606979882894e-08,0.0
-9.229025991204094e-12,-1.0009401415484228e-10,-0.00014980531504020256,0.0002306965443084707,-0.00012178992609008665,0.0001339083511811326,0.00024361870162254297,-0.0001541350869198607,-6.779030978797186e-05,-0.0006209524266810204,0.0010533577341002415,2.612125899910295e-08,0.0
-9.088371349691031e-12,-2.3125539548727653e-10,0.00048345950372157313,0.0010081736756962262,-0.0010176754581480625,-0.00039829500754738015,0.0014524454211914738,-0.0018576493402997223,-1.4730023050804419e-05,0.0011173998952462225,0.000709621407767357,1.743048891496627e-08,0.0
-8.947258276487743e-12,-3.461326116503785e-10,0.00036755434707579467,0.000960238852563252,-0.0011177387822019613,-0.00013277664338758803,0.0016211196309966003,-0.0017671887655784078,0.0002846803010840039,0.0014266676196844938,-3.762545663813164e-05,-1.0281174701551202e-09,0.0
-8.805688294542665e-12,-4.772646969232189e-10,-0.00044156132236935916,0.0002231339719962989,-0.00015734710407193508,0.0007043864322108223,0.0004566471508290991,-7.163112609446085e-05,-6.627082230097354e-05,2.4349993982387508e-06,-0.00030129371686918934,-7.632106855667044e-09,0.0
-8.663662953272968e-12,-8.215919550270236e-11,-0.0008372646716829991,-0.0004916966889771499,0.0009966264104776822,0.0008962329765353987,-0.0012124805553065826,0.0015196730821924638,-0.0010647478010822637,-0.0014179503913278597,-0.00010089723804158668,-2.2173538561633943e-09,0.0
-8.521183817741517e-12,-2.1326217611868694e-10,-7.88651734705171e-05,-0.0006701525568434374,0.0012586886226556016,-7.861014074942287e-05,-0.0019974710808913013,0.0014916763266974256,-0.00155795351480402,-0.001142152579790882,-0.0003905172947288704,-9.179496633436849e-09,0.0
-8.378252460988764e-12,-3.280811843987259e-10,0.0010953378660838173,-0.00041692298713840066,0.00046378468011220924,-0.001163102292569622,-0.0011474379724685931,1.3126824002724122e-05,-0.0005677989140416978,0.0004688572419951312,-0.0015176820323385375,-3.7024337362185074e-08,0.0
-8.234870470802939e-12,-4.5915525738413383e-10,0.0012642403133888785,-0.00014339694397992765,-0.0005894557039247631,-0.0009764016268247646,0.000657873084443152,-0.00129203384626963,0.0013690848498723218,0.0015204719775746924,-0.0020048939800840406,-4.9678486044092736e-08,0.0
-8.091039468308569e-12,-6.399194256419524e-11,9.234500807492213e-05,-5.362378213970092e-06,-0.001044836751893393,0.0003807737666597121,0.0018768062421489764,-0.0010778861768115711,0.002493258455336137,0.0008704413573085506,-0.00013797292731247625,-3.747461251766897e-09,0.0
-7.946761115202937e-12,-1.9503731175891809e-10,-0.0011774105293787705,0.00018883615113720242,-0.0006887713738898878,0.0013119810684746865,0.0014959247032619945,0.0003114567907344247,0.0015651531816882288,-0.0005849289014041585,0.0033031713911245266,8.121749724825871e-08,0.0
-7.802037097700559e-12,-3.097989129971501e-10,-0.001237428642790401,0.000520294466620915,8.728886524821771e-05,0.0006675784450677826,-3.692915019111665e-05,0.0012804822116901735,-0.0007501817567830269,-0.0011220072581815202,0.004792425786761097,1.1827840757661748e-07,0.0
-7.656869102783574e-12,-4.40815785312469e-10,-0.00026839304365018353,0.0006888485117332986,0.0007545657464552303,-0.0008021373951132652,-0.0013103834241192667,0.0007428209421947991,-0.002455448428499591,-0.0002882044412288962,0.0018002868414832697,4.429669647491203e-08,0.0
-7.511258813155937e-12,-4.559547863490182e-11,0.00047860566790084027,0.00031141540780068385,0.0009140294161099696,-0.0013082250901781513,-0.0012967597042508505,-0.00064398508105744,-0.002127774843098309,0.0006615169548807603,-0.003717916048624508,-9.161018589073411e-08,0.0
-7.365207931398638e-12,-1.765840681171458e-10,0.00040889940233508604,-0.0004857499223426733,0.00040125941936771715,-0.00020893460966503707,-0.0002518478149476118,-0.0012872281964779698,-0.00022528527260365824,0.0004340481187456264,-0.006525524636803575,-1.6051344171960334e-07,0.0
-7.2187182067080005e-12,-2.9128910535019537e-10,0.00020600882581266468,-0.001051237489412181,-0.0005427699448925281,0.001213596451668189,0.0006897725950541986,-0.0004992053602094269,0.0015196363850727976,-0.0006584284833124602,-0.0035693579216086466,-8.718673172983252e-08,0.0
-7.071791435537955e-12,-4.222496321484942e-10,0.0006034254245523413,-0.0008037631845392932,-0.0011879305343350638,0.001273451921769987,0.0007211417448322021,0.0007499762384222521,0.0017987198936026258,-0.0010735728499765905,0.0025513429493334325,6.316448143345648e-08,0.0
-6.924429435011704e-12,-2.6973200160549706e-11,0.0010492173323596464,0.00012963926597898235,-0.000842277221385922,-0.00012369037482808397,5.958660197434691e-05,0.0010594707295953107,0.0007568540309588484,1.4512229577752614e-05,0.006070484240608276,1.4914737281352065e-07,0.0
-6.776634020292198e-12,-1.5790588624770403e-10,0.00035097945701932404,0.0010065885261365407,0.0003744417910685846,-0.0014216738731928952,-0.0004434210384192463,0.00023761917888853664,-0.0004381330819865161,0.001597347387954225,0.0040748885402266295,9.94338608423925e-08,0.0
-6.6284070096924875e-12,-2.7255524502350677e-10,-0.0014235721632727238,0.0011206634018773819,0.001378568123459277,-0.0012202136017113673,-0.0002500813373695509,-0.0005997918380615723,-0.0008650562605437243,0.0018543795677514394,-0.0008417236144155442,-2.112777181333979e-08,0.0
-6.479750248942368e-12,-4.0346032259908374e-10,-0.0024791907462469783,0.00037723507841210365,0.0011228907721152247,0.00019854100593599057,0.0003430575635767403,-0.0005290638987342721,-0.0005372248119251516,0.00018011778357127903,-0.003780378252922676,-9.275179293935379e-08,0.0
-6.330665623855555e-12,-8.128674726373248e-12,-0.0012293995946089328,-0.0006733282384631045,-0.0002279396201536089,0.0013084500059482224,0.0005895596474692,7.70632969886107e-05,-5.830606353678718e-05,-0.001993694555425714,-0.002797637313086109,-6.793713181432216e-08,0.0
-6.181155049834193e-12,-1.3900638075223094e-10,0.0015448186169139853,-0.0012841853485022398,-0.0013295274654379775,0.0010768094599349393,0.00015707250514612498,0.00024504668461910057,0.00011277796582862492,-0.0025673261748727916,-0.00011333382643754572,-2.2445308170134274e-09,0.0
-6.031220455577462e-12,-2.5360099645254034e-10,0.003164088582237161,-0.0009531837246701454,-0.0010645651087913422,-7.383112241072634e-05,-0.0005309271699984927,-0.0001618253559919219,-1.951846281934052e-06,-0.0008757661365129384,0.0011836260264053303,2.9022416687670935e-08,0.0
-5.880863782421298e-12,-3.844515695507541e-10,0.001903005458628163,0.00021769758044573007,0.00024295924108400983,-0.0009162148340162094,-0.0007508884853619558,-0.000291411532774486,-0.00010681750929868061,0.001606972759379698,0.0006305734944735053,1.4848565270985465e-08,0.0
-5.73008700015597e-12,1.0934340810371455e-11,-0.0010355361753851557,0.0013984719147601883,0.001151444817802052,-0.0007652241785342504,-0.0002670614298218323,0.0003401725388806312,-2.8287140500561376e-05,0.0026888430764035777,-4.581141265747838e-05,-1.362760100217422e-09,0.0
-5.578892114607427e-12,-1.1988934935717715e-10,-0.0027758208561166147,0.001521042088500185,0.0007273632364092819,-8.5795317260493e-06,0.00040384628164085606,0.0009096482853517096,0.0001864194253522867,0.0015204615180680545,0.00031251389969048015,7.949192148129399e-09,0.0
-5.4272811566126144e-12,-2.3443019994842244e-10,-0.0018564055587154899,0.00023679476012366873,-0.00046386878738136517,0.0004835768553173963,0.0005812292472724321,0.00029816395606268946,0.000362019972753827,-0.0007044278546273935,0.0009174972998720605,2.29863895261599e-08,0.0
-5.275256166545871e-12,-3.6522726117543005e-10,0.00039602070302257523,-0.0014799753497609818,-0.0010577320993932849,0.00029905875553124124,0.00019337669220600718,-0.0011629103212409194,0.00036089036537446364,-0.0020218126251329172,0.0006015426314437988,1.4642347796294841e-08,0.0
-5.122819194969646e-12,3.021190628788108e-11,0.0015927856644812615,-0.0019633769003623283,-0.0004302410729033135,-0.00019603961438969183,-0.00020647668688009312,-0.0016859929273016438,0.0001428139661971127,-0.0015639480344355168,-0.00048443262791269615,-1.2129318097073186e-08,0.0
-4.969972320326694e-12,-1.0055878365798525e-10,0.0009570911788373687,-0.0005531440682492283,0.000668866544249744,-0.0003320369436361972,-0.00014898050475019146,-0.00017524100526334702,-0.00021237019151612514,-0.00014576322551025124,-0.0011252767872253276,-2.7595321674742902e-08,0.0
-4.8167176609648214e-12,-2.1504689429021112e-10,-0.000154570976133266,0.001485916190370967,0.001049771881436772,0.00012487340920598866,0.00017968179247929763,0.00206058503298653,-0.0005112120825296148,0.0008423873962167338,-0.0007421115307031428,-1.779641977615929e-08,0.0
-4.663057368044721e-12,-3.4579147979792834e-10,-0.0002529947419931302,0.002084525023978362,0.00038146256701221306,0.0006932901948020268,0.0002179420003857614,0.002410498248331874,-0.0005458533111975728,0.000886842664276369,7.171625744493949e-05,1.830432115358181e-09,0.0
-4.5089936089459904e-12,4.969989561042061e-11,0.0004347367775879242,0.0005919739003122791,-0.0005545018253993132,0.0006146077995640558,-0.00018896740629714353,3.8021524648524326e-05,-0.00022960671518481104,0.0005158342713468708,0.00044329153174052564,1.0723020950079861e-08,0.0
-4.354528561537562e-12,-8.101885700976037e-11,0.00048791316375113556,-0.0014184645416438282,-0.0008267067341737682,-0.0002823278892464516,-0.0005542963491664553,-0.002763477401716008,0.00025890919904004425,0.00030057119474462344,0.0002974750640282129,7.138128857767398e-09,0.0
-4.199664423573661e-12,-1.95455303666573e-10,-0.0006039708614723865,-0.0018288470980012835,-0.00036612245223439146,-0.001217138679933579,-0.000361571558039954,-0.002867530004896446,0.0005529151660256392,0.00012749423558925145,0.0001115549680762291,2.9091713882819798e-09,0.0
-4.044403425596531e-12,-3.2614850163691567e-10,-0.0016295879605364657,-0.0003344893000768049,0.00013033080702373097,-0.001125448410244062,0.0002289534446702378,9.957046915580818e-05,0.00041748547056857384,-0.0003599729473975367,0.00017469912484025917,4.3332213573559626e-09,0.0
-3.888747831973355e-12,6.93939816535281e-11,-0.001125065340060238,0.0013074913344372301,0.00012849629620829685,0.0001620212806704026,0.0005601425320161039,0.0030953794951826276,6.841203568195867e-06,-0.0009437336530243178,0.00023822940837054106,5.865302677832445e-09,0.0
-3.7326999332735025e-12,-6.127394570871784e-11,0.000718453967989542,0.0013486610793418583,-7.451427586550485e-05,0.0014758706356428847,0.0003135695462569701,0.0028791325800246828,-0.0002691870801610778,-0.0009081542643869006,5.1082239356627844e-05,1.2440012701264332e-09,0.0
-3.57626203686363e-12,-1.756598524835756e-10,0.0020897040943544834,-1.2945167268615265e-05,0.0001621294101502802,0.001412033302713704,-0.00011038630192881113,-0.0003411605689514692,-0.00014238338694039763,-2.5445360035046723e-05,-0.0002847428068205423,-6.828471963572779e-09,0.0
-3.4194364660921936e-12,-3.063027989751498e-10,0.0015630537582961867,-0.0010994661890552685,0.0008435515670044257,-8.063981142778512e-05,-0.00016775448416140999,-0.0031110043692691163,0.0001893826048441809,0.0009419026117941028,-0.0004070514306032833,-1.0022276304408104e-08,0.0
-3.2622255679313343e-12,8.928964386024084e-11,-0.00031209586024426186,-0.0008295973171850155,0.0010947187643327366,-0.0014571471099578742,8.869430834292003e-05,-0.0025034919327115053,0.00023585122229475156,0.0010434273555627398,-0.00021966588132182557,-5.3879679683891636e-09,0.0
-3.1046317215931388e-12,-4.132861955699221e-11,-0.0017050599709544036,0.00018256477073173535,0.0001509633924519808,-0.0011923216485098752,0.00011119641535069658,0.0006905480501365193,-0.0002093610416173958,0.0002748878273751285,6.564889758800148e-05,1.6480483299747943e-09,0.0
-2.9466573413795093e-12,-1.5566516132987242e-10,-0.001491677606570769,0.0006612551800064515,-0.0014877046782465855,0.0004177739265364077,-0.0003051369474428229,0.0029548378197197874,-0.0007401065323359658,-0.00045258786972247054,0.0001783100007079433,4.527383980707549e-09,0.0
-2.788304870421984e-12,-2.8625904478237084e-10,-0.00020664858787871986,0.0002786098355247311,-0.0022110683345904062,0.0014747188572724616,-0.0006569768744101344,0.0019604991373176465,-0.0007007645954284559,-0.0004962696886491303,0.00014110420890969322,3.3505053630120474e-09,0.0
-2.6295767681422595e-12,1.0938215610599143e-10,0.000846146666995542,-0.00017378080432988395,-0.000968799822302764,0.0006535912337398975,-0.00033085177401320987,-0.0009810449122137164,8.735838837016436e-05,-0.00019965158698709642,9.002736791783027e-05,2.1476016602174863e-09,0.0
-2.4704755047473564e-12,-2.1187657361733828e-11,0.0009993450931655946,-2.9193402930911025e-05,0.0013616362297731003,-0.0011616721167535483,0.0005103381642233148,-0.002640736704112653,0.0010160683237809233,-0.0002030610145873065,8.8060695409338e-05,2.2256811131833855e-09,0.0
-2.3110035701571465e-12,-1.3547606030359044e-10,0.0005465671730277223,0.0003749444869897695,0.002616582259966368,-0.0018093416892134154,0.0010081399855593302,-0.001446849372151077,0.0012500845642451324,-0.0003996860669040681,3.61096129157352e-05,1.0998228154097731e-09,0.0
-2.1511634918539155e-12,-2.6602211892599677e-10,7.515897402675159e-06,0.00027022938761315254,0.0015843522201993564,-0.00033899315845508824,0.0005946648028089711,0.0010115290794694238,0.0005387475022946154,-0.00011435086896762357,-6.695022796306935e-05,-1.7270996473520483e-09,0.0
-1.9909578419729293e-12,1.2966658956300042e-10,-0.00042047664349578826,-0.00044203366655665984,-0.0006445380759355221,0.0018029175817471216,-0.00035188462508252167,0.0020818552380746694,-0.0005673743550677882,0.0007252920942665336,-0.00014404572904741796,-3.6090871154834735e-09,0.0
-1.8303892256293255e-12,-8.560375022661786e-13,-0.0006631964235988624,-0.001007580176314373,-0.0018836138236117178,0.0023329668378067607,-0.0009382872376098083,0.0009755519723087531,-0.0012503346572578637,0.0011638299454164924,-0.00011197326923879582,-2.685071043612045e-09,0.0
-1.669460257610801e-12,-1.1509757947179609e-10,-0.0005414458809508274,-0.0007124684996943205,-0.0012661593205730124,0.0006238560708905549,-0.000703963554283035,-0.00074650784358558,-0.001113606498376257,0.0003827162290907397,-3.526646195556641e-05,-6.527322503726138e-10,0.0
-1.5081735561847168e-12,-2.455971060415245e-10,1.276827352879957e-05,0.0003163136902744698,5.19713831727335e-06,-0.0016960690490902116,8.539341122523208e-06,-0.0012713558509542138,-0.00033879234256827494,-0.0010153311680592414,6.712734138108567e-06,6.526358964214461e-11,0.0
-1.346531759436609e-12,1.5013780320257096e-10,0.0006050815702637243,0.001219721948647624,0.0003741369407261562,-0.0025263299313982497,0.0005489640699966579,-0.00047687466936478204,0.0005689737695303148,-0.0014732757502540998,6.562669439616519e-05,1.511293075892541e-09,0.0
-1.1845375499908945e-12,1.966104347685683e-11,0.0006730766211281679,0.0012415856672099638,-9.393936861759627e-05,-0.0013297410457982033,0.0006076789114022778,0.00036787599274695955,0.001120035830965097,-0.0003432497631987488,7.483784524775405e-05,1.8847257704511442e-09,0.0
-1.0221936569317136e-12,-9.453496773980518e-11,0.00014384682792629208,0.00036602020383199013,-5.4536852005521765e-05,0.0006584386505998434,0.00031987488173233075,0.0003950032295272425,0.001012069795352565,0.001172965727556143,5.534671060048855e-05,1.5738711938418267e-09,0.0
-8.595028385752008e-13,-2.2498930450253624e-10,-0.00040686375562042076,-0.0007331260051296537,0.001007313457250095,0.0019211915386494565,-7.316781409302257e-05,-1.0941411114394703e-06,0.00026699898693237736,0.0013564433921636446,1.1062539205650341e-06,-7.787288525022812e-11,0.0
-6.964678640406248e-13,1.707904492242838e-10,-0.0004228337909199084,-0.0012609440502177496,0.0017762779541147145,0.0018683017070654723,-0.0003953190037856845,-5.0471977323215234e-05,-0.0006603181115830341,-1.8038195104538868e-05,-1.6854218181390636e-05,-4.985654264060367e-10,0.0
-5.33091514129668e-13,4.03581853614731e-11,-5.8782112323393405e-05,-0.0009259911565590827,0.0007672618399137768,0.0008275066836568178,-0.0005054884778262364,0.00024284817413318488,-0.0010858234244772846,-0.001358497561486452,-3.822735303860315e-05,-8.779871745303352e-10,0.0
-3.693765957514871e-13,-7.379368110596391e-11,0.00010424435201389226,-0.0001263666228276201,-0.001495958760541092,-0.0006040021721470411,-0.00031299431373218046,0.0002647549521364966,-0.0006506407121920826,-0.0011442907753439128,-3.862842972677925e-05,-7.251745219151727e-10,0.0
-2.0532595288430446e-13,-2.0420422709987727e-10,-0.00013173919843460495,0.0004706716206555047,-0.0027217113332861473,-0.0017616112826377343,0.00011591575927655416,-0.0001697600817979688,0.0002582606774078055,0.0003817719934368568,-4.134093604609192e-05,-1.135093277959411e-09,0.0
-4.0942462326723265e-14,1.9161895957192506e-10,-0.00028836372927294155,0.0005922501252804665,-0.001462956199406181,-0.0019407903597906408,0.000498133112483666,-0.0004927390728883213,0.0007858291588565153,0.0015641742468605368,-2.0705458400287874e-06,-1.3963906378009183e-10,0.0
1.2377097380167232e-13,6.122976666804764e-11,9.57583038091885e-05,0.0005320373827935324,0.0010592429290126506,-0.000806362039417927,0.0005601301932220685,-0.0001954684742789336,0.0004766535154788849,0.0011795253759392759,1.6236349890266213e-05,4.523810328641119e-10,0.0
2.8881143183881373e-13,-5.287939424220766e-11,0.0007609482505034466,0.0006241543538555416,0.002317949306723517,0.0010255078425515092,0.00025403868592236204,0.0003677467879559139,-0.0002649936979937516,-0.000348727806223276,2.6696337449431425e-05,8.736479443699519e-10,0.0
4.5417596149849964e-13,-1.8324760274042292e-10,0.0008954445044739975,0.0006381221236637765,0.0013506777170474978,0.002160897645070681,-0.00023828405486294672,0.00042082144371529724,-0.0005902082007029829,-0.0015731121240917419,8.013410290268048e-06,5.89718885006216e-11,0.0
6.198615840125547e-13,2.1261755051205094e-10,8.494440307563471e-05,3.7474094969302334e-05,-0.0003472702190514696,0.0016192400262069584,-0.000640585022435617,-0.00014349206998139213,-0.00014860834054365341,-0.0015037162771338439,1.5567992527359124e-05,2.964595146475752e-10,0.0
7.85865292547147e-13,8.22699495470222e-11,-0.001087450439337165,-0.0011275211463959954,-0.0008795665264324719,-0.00015687596723962152,-0.0006928403938327732,-0.0005442681621690119,0.0005423784918080179,-0.0002874911560363361,8.436793148317273e-07,7.974049252368823e-11,0.0
9.521840550120097e-13,-3.179799832721417e-11,-0.0015354869811529878,-0.001840028819056319,-0.00019823007475104935,-0.0016195513561828444,-0.0002516818007370214,-0.00015347751990410152,0.000675709163605456,0.0011569889142738975,-1.02362832819309e-05,-2.6958998440012814e-11,0.0
1.1188148117222536e-12,-1.6212537661516104e-10,-0.0007056683537097843,-0.0011203864530724545,0.00017072062380368735,-0.0015900711786979251,0.0005131749664571151,0.0005630060105447344,4.547922234095412e-05,0.001850759816720523,-3.1774217842382734e-05,-9.296537168118913e-10,0.0
1.2857544754281003e-12,2.337802207843047e-10,0.0008185701427181203,0.0006935841931171229,-0.000584863732676264,-0.0003353221190595717,0.0010459999226812707,0.0005990440814397796,-0.0007242697138253318,0.0012756077219502984,-9.59304802127317e-06,-3.187301654471813e-10,0.0
1.4529999323696666e-12,1.0347267492010002e-10,0.0017976007851842274,0.002010526647793609,-0.0013928745451074437,0.0008521435947622653,0.000802065319091665,-0.0002350250674967051,-0.000837463175550549,-0.0003307677894314327,-1.5379660002225713e-06,2.1478121105166768e-11,0.0
1.6205480465546777e-12,-1.0555610064392391e-11,0.001392090062622524,0.00163235237011406,-0.0007516736391397012,0.0010024214569809972,-0.00016721807536298466,-0.0009290598403856226,-0.00017428464327033473,-0.001909729397733996,5.7518149492423866e-06,3.651507557436555e-10,0.0
1.7883956554681912e-12,-1.4084372107743473e-10,-7.97863808847366e-05,7.511836028085468e-05,0.0011305446960822108,0.00027531622306656024,-0.0010716493009188816,-0.00048346603464188435,0.000630432195140355,-0.0021490214211509558,-1.0109575252062572e-05,-4.148672740182766e-10,0.0
1.9565395648764295e-12,2.551007445407646e-10,-0.0014199115008857158,-0.001070877852727007,0.0023517969843143355,-0.0003878944386598222,-0.0011000761815952212,0.0007297924373106219,0.0008317011299775769,-0.0005889062485674716,5.80615515621179e-06,5.952093637195095e-11,0.0
2.124976544397719e-12,1.248316642398675e-10,-0.0015831527688726656,-0.0009560608994025738,0.001509294830647804,-0.0003333869659997361,-0.0002476445965731481,0.001267651330470757,0.0003163081410699824,0.0016118807027902492,3.441422521905223e-06,1.4515423368580647e-10,0.0
2.2937033348373073e-12,1.0841438165939722e-11,-0.0005777937434628027,-0.0002594872928666595,-0.0006283594245130868,0.00019425536789293232,0.0006831435002250088,0.00029763717689944074,-0.00037089260021410216,0.002499106756824628,4.027363284420972e-06,3.266365634027671e-10,0.0
2.4627166566593467e-12,-1.1940902471354012e-10,0.000624160478911635,-6.530971491778507e-05,-0.002011545179730792,0.0004046236426799853,0.0009424760724429588,-0.0012654880414896346,-0.0006247992606259103,0.0011672620077086866,-1.2524305991899439e-05,-4.857233736967382e-10,0.0
2.632013214992216e-12,2.7657267462209637e-10,0.0010501026900040704,-0.0003939405766719925,-0.0015640938696520681,-9.661473049394788e-05,0.0005277006296618132,-0.0016590728214492282,-0.00034138943915877135,-0.0011639512509807855,5.63145039668444e-06,6.00024671651096e-11,0.0
2.801589689912561e-12,1.4634041080386167e-10,0.0006143485021086946,-0.00033648339416628495,-0.00015515312023137075,-0.0008126950491848773,-2.8796238377223112e-05,-0.00025466520723647,0.0001058405244137538,-0.0022689973229466113,4.557415584687652e-06,1.7614857652016277e-10,0.0
2.9714427268057955e-12,3.238658145026371e-11,1.1308994655225934e-05,0.0005038629587144618,0.0006952190124190868,-0.0007981245693081449,-0.0003855090057535303,0.0016258678213415668,0.00034210106153230885,-0.0011614966476697149,4.523100594072552e-06,3.425634410818738e-10,0.0
3.141568930523106e-12,-9.782790772120329e-11,-0.00016630034029269114,0.0012874804405263677,0.0005567943060003187,0.00024115640910030945,-0.0005709791266359932,0.0020179672970765785,0.00031039213820601146,0.0008611834836945646,-1.2968038442098492e-05,-5.090688961708207e-10,0.0
3.3119648732230193e-12,2.9818933801587385e-10,-2.254931182338511e-05,0.0009770957138522107,0.0002508910829759605,0.0013853899698073368,-0.0005870983750520828,0.0004098464011619867,0.00013693156729830959,0.0016663360738188384,5.286453807140917e-06,5.591448473662992e-11,0.0
3.4826271065125012e-12,1.679921887246674e-10,-5.3139262480265395e-05,-0.00026828461800180645,0.00048270014157553523,0.0013279665376430354,-0.0002401382738064185,-0.0016565557736635248,-9.145005167817294e-05,0.0006014436036215337,4.944138493394811e-06,1.8955440912720082e-10,0.0
3.653552169010903e-12,5.407303818020544e-11,-0.00040904723925212614,-0.0011787562903949314,0.0008747021609844851,-0.00015708597255688014,0.0004586124081895814,-0.0021486749980213736,-0.00030819534535588596,-0.0008924870114602204,5.122316706526397e-06,3.6143474738037517e-10,0.0
3.8247365780436734e-12,-7.610721078341887e-11,-0.000659971633739071,-0.0008764053583681485,0.0005597550346973395,-0.0017306460941327946,0.0009514416749194459,-0.0006103904628119534,-0.00035462975452159556,-0.0010325021475583252,-1.2931811267678458e-05,-5.206286158663028e-10,0.0
3.996176815759473e-12,3.199438338381035e-10,-0.00036560851628241505,0.0001151252141384877,-0.0005808240745654224,-0.0017634299963068887,0.0006242622475391101,0.001408171443199375,-7.2550021374276e-05,0.00023331697058677552,4.762385295370647e-06,4.717020107661694e-11,0.0
4.167869320294752e-12,1.8978003868799137e-10,0.00034242711828169023,0.0006087579214942489,-0.0016122952337402473,-0.00011216591981757239,-0.00036497861371564836,0.0019385422237951145,0.00037239532846024124,0.0012271956927374834,4.502673975813071e-06,1.8251552153352152e-10,0.0
4.339810497035655e-12,7.589379342289774e-11,0.0008649206856652345,0.00016606458175678782,-0.0015314406889487741,0.0016601786480193357,-0.0010485350909726265,0.0006064616291709044,0.000516456457135854,0.0006257353529575465,5.16044236590317e-06,3.666731916058515e-10,0.0
4.51199673388173e-12,-5.4254003205070027e-11,0.0007334667277816599,-0.0004891416262333973,-0.000331100709125658,0.0018819305562253088,-0.0006878557579649036,-0.0011005556462468538,9.925029604530942e-05,-0.0009512259047874275,-1.2651679733842263e-05,-5.260576668901978e-10,0.0
4.684424406537401e-12,3.418290373519617e-10,7.059705705957185e-05,-0.00047230815800382124,0.0010423614144977338,0.00047801169401484557,0.0003408089335675674,-0.0014802053687519054,-0.00047954687866225804,-0.0016490407834851917,4.8746162649680735e-06,5.398078193930097e-11,0.0
4.857089864924699e-12,2.1169677870352522e-10,-0.0005687801707971482,0.00026170569064871827,0.0016428681237637024,-0.0011145278605615727,0.0009634824541977294,-0.0003573859065576009,-0.0005366612584891135,-0.0005610435777571194,4.405439858952073e-06,1.8374767032681872e-10,0.0
5.029989419495078e-12,9.784160722766042e-11,-0.0007100999077417711,0.0009702327559379346,0.0012633910486622105,-0.0015491293156139957,0.0006055077568098519,0.0008907656815965342,4.489644575178764e-05,0.0012192287693722353,5.114470885725017e-06,3.6977682488126625e-10,0.0
5.2031193410966526e-12,-3.227558215169072e-11,-0.0003171695570843378,0.0009657120862177933,0.0003359352008509004,-0.0007816202932929007,-0.00027339981620623684,0.000980690874127203,0.0005876391438857437,0.001855991990757754,-1.2520008483266412e-05,-5.35043987143309e-10,0.0
5.3764758757790755e-12,3.638375950771011e-10,0.0002481400998875676,0.00020507350929281848,-0.0006200293645122056,0.0002757415003621576,-0.0007955214328428625,5.179301831197846e-05,0.0004032063837707677,0.0007636718891860032,5.017994655785968e-06,6.165277870688806e-11,0.0
5.550055253520294e-12,2.337349988188313e-10,0.0004955543190442133,-0.000804515387578147,-0.001263743088988343,0.0008631094858334909,-0.0005995011013010959,-0.0006840331223922989,-0.000297270475616608,-0.0008949485961486996,4.3687206938956575e-06,1.8645321653818398e-10,0.0
5.723853681253004e-12,1.1990901218135736e-10,0.00023094034690478602,-0.0014157223855454858,-0.0013563461813974054,0.0008565965774024287,-1.2787994853565086e-06,-0.0005012434812802279,-0.0006100682380283584,-0.001612247303852365,4.9385371855520215e-06,3.696161007735936e-10,0.0
5.897867330657944e-12,-1.0179473112289778e-11,-0.0002717158469428255,-0.001177480977569239,-0.0007623624192268907,0.00045544093111495634,0.0005465769987317407,0.00010813278911176737,-0.00010815717695475803,-0.0010110226672979503,-1.2642860281658619e-05,-5.503051949799927e-10,0.0
6.07209233855929e-12,3.8596192395736114e-10,-0.0004990399014714418,-8.783104329389057e-05,0.00031953765511140566,-0.00015142109411925715,0.0007510156939054278,0.00027656971560313247,0.0005495716102504972,0.00011850509472279168,5.040733521647495e-06,6.639914290234639e-11,0.0
6.246524817553149e-12,2.558870595280382e-10,-0.00017915866354448515,0.0011953847021292296,0.0012550195599637733,-0.0006801422935816151,0.000491228865973387,-4.594272721968737e-05,0.00043951178551287476,0.000894525314985408,4.454358225094263e-06,1.9218581356307871e-10,0.0
6.421160862590831e-12,1.420883129537565e-10,0.0004458330955500458,0.0016616773197591925,0.0013893142603906103,-0.0007287567453810654,-0.00019259024472491034,-0.00014833792556175144,-0.0003749328694986707,0.0010576318332506545,4.976608998648021e-06,3.7467445060247667e-10,0.0
6.595996541198371e-12,1.2026572380200044e-11,0.0007995087473617276,0.0008544401324472675,0.0006635610136911134,-0.00019929533132106108,-0.0008907147167298771,0.00030899641309246943,-0.000814965963742966,0.000739282292528487,-1.2657973735702975e-05,-5.62974839714326e-10,0.0
6.7710278838647905e-12,4.081942153893629e-10,0.0005130564998678218,-0.0005162024466707568,-0.00030221378264684963,0.0004179914692578462,-0.0009695235568449648,0.0006972255386746409,-0.0001446228259230414,5.267053493023861e-05,5.034928706153328e-06,7.042940340984481e-11,0.0
6.946250886178552e-12,2.7814509469294403e-10,-0.0002477944754758586,-0.0011632260632699976,-0.000835759054714461,0.0004865937716212783,-0.00020231095359886863,0.00025252148649390567,0.000995293130654314,-0.0008061487025766466,4.48016812560259e-06,1.9647227872924964e-10,0.0
7.121661523521336e-12,1.6437158616776504e-10,-0.0009394134390827802,-0.0005908063821692454,-0.0008066658169022735,2.3677947242498493e-05,0.0007961841742028334,-0.0007760178898148804,0.0012364507092623525,-0.0012964373047816007,4.994460675139772e-06,3.7925433445213996e-10,0.0
7.297255754496913e-12,3.433457438620307e-11,-0.0011023075563461708,0.0002887693925066277,-0.0005628362700687585,-0.0002920699480619744,0.0010997611007365485,-0.001235498191462503,6.92224804736766e-05,-0.000870990278351636,-1.2681313810308965e-05,-5.758565243221477e-10,0.0
7.473029510404028e-12,4.3052643316592603e-10,-0.0005804907478795705,0.0002512768604006873,-0.0003099303012856777,-6.728549223053817e-06,0.0004672540636059821,-0.0004532777246220463,-0.0014792774649760444,0.00033376625485451335,4.989394275837838e-06,7.346272282842167e-11,0.0
7.648978682653327e-12,3.0050101137966953e-10,0.00042489287513248033,-0.0006654539947800731,9.616646974968925e-05,0.0004874550090276671,-0.00039646609634292896,0.0008528464393219556,-0.0018648793813001705,0.0013756347456495897,4.4533325754885986e-06,1.994562157785203e-10,0.0
7.825099128847089e-12,1.8675068130710143e-10,0.0013845489008120237,-0.0010646046972700293,0.0007125208044048745,0.0004398984926611767,-0.0006931098380675683,0.001332918206394831,-0.0005770385260058023,0.0013159021703336327,4.998483750384147e-06,3.8349591432215265e-10,0.0
8.001386687319865e-12,5.673632441828939e-11,0.0015879946467648102,6.88472410252767e-05,0.00109873358260915,-0.0002524728410195501,-0.0004037764095121372,0.0005286039328580069,0.0013752890448604379,0.00018062143532023315,-1.2658099383354817e-05,-5.875988890289823e-10,0.0
8.177837182464595e-12,4.529503116917346e-10,0.0006450126792652067,0.0018803460143109571,0.0006788580584710743,-0.0008892588892308374,-9.704593862234137e-05,-0.0006291136473982969,0.002395661380646365,-0.0010410284775354127,4.996960585405006e-06,7.778412968003259e-11,0.0
8.354446411448913e-12,3.229464887419562e-10,-0.0009789238980906975,0.0023657543379781284,-0.0003865486499838625,-0.0008002079042651345,-7.376264885929548e-05,-0.0009621478522321249,0.001629428560488179,-0.0013337698784217033,4.450286354366732e-06,2.0301045437619515e-10,0.0
8.531210131552926e-12,2.092172237623134e-10,-0.002047927449135301,0.000627815836677452,-0.001107723457447649,-5.235400980334017e-05,-3.418234352681925e-05,-0.0003126719606262061,-0.0004339934500406399,-0.0005586110065041531,4.995334544780376e-06,3.8755433718569443e-10,0.0
8.708124062756116e-12,7.922339371885955e-11,-0.0015687134744898643,-0.0019585980714527692,-0.0007090400372585578,0.0007604353632893014,0.00031404765053731957,0.00044294977543677847,-0.002337769971760244,0.0005198003390241786,-1.2661351348743203e-05,-5.999891584798601e-10,0.0
8.88518390241199e-12,4.754573656112113e-10,0.00016691569335444052,-0.0030705875470377177,0.0003165625772785981,0.0011437126791735393,0.000696490381597469,0.0005163935550521006,-0.002629277974545814,0.00100002516485368,4.993606091869792e-06,8.18341205994529e-11,0.0
9.06238533191795e-12,3.4547298211094144e-10,0.0016693860309947583,-0.0017623634286946434,0.0006902072248713589,0.0009178368452449345,0.0005903979369102783,-1.3355503377121314e-05,-0.0009473420894691547,0.0006369901340278568,4.44682957130918e-06,2.0654782978563359e-10,0.0
9.239724010384769e-12,2.3176260898219756e-10,0.0016664398812722661,0.0007375677129943053,-6.47730608619485e-05,5.115037484088e-05,-3.2981006467974554e-05,-0.0004775693858129536,0.0015319604619010384,-7.011832563789817e-05,4.991775717726172e-06,3.91595955499443e-10,0.0
9.417195564764356e-12,1.0178712025335168e-10,0.00034231472962457547,0.0024518630930897393,-0.0008914296548707571,-0.001199036740402311,-0.0006566516470372301,-0.00043522409041325013,0.002857343207344521,-0.00045520053549208276,-1.2665011967362107e-05,-6.123961727156242e-10,0.0
9.594795591633616e-12,4.980388790654688e-10,-0.0009055042327551189,0.0023972906802907637,-0.0004647084605637871,-0.001979451622931328,-0.0008267865567835874,4.006278512455139e-06,0.0019103356458076602,-0.0003151477667283282,4.989843941050103e-06,8.58674274901274e-11,0.0
9.772519662644691e-12,3.6807172380104356e-10,-0.000957962966003459,0.0009675122731503664,0.0009831227986891113,-0.0012752350368579568,-0.0005829721287443478,0.0004766946092620611,-0.0004635439624244138,-4.8644747816416894e-05,4.442966154533394e-06,2.1006858291763948e-10,0.0
9.950363324502526e-12,2.543780164030725e-10,-8.138656390269615e-05,-0.0008299204948943699,0.0017247712482487353,0.0008548771715245884,-0.0001437583669110281,0.0007127488900235059,-0.0021454917393166247,-0.00011290374497602935,4.987811308114655e-06,3.956210143941171e-10,0.0
1.0128322090509892e-11,1.24418627792866e-10,0.000513523492465222,-0.0020997002903913663,0.0006024346062076177,0.00272093976372756,0.00043538537909264957,0.0005348318627433678,-0.0017838076175539742,-0.0003873546955588465,-1.2669077089865778e-05,-6.248196822991929e-10,0.0
1.0306391440977202e-11,5.20685918172245e-10,0.0001306485791683569,-0.002167399355963661,-0.0013669289611497257,0.002378957737665311,0.0010466726501020414,-8.487752246466948e-05,-6.802593471166228e-05,-0.0002665024389838724,4.985678392390095e-06,8.98843043169264e-11,0.0
1.048456683232256e-11,3.907337225459188e-10,-0.0006883319109238959,-0.0008070006580850999,-0.0020484863695962017,-0.00022299283606624503,0.0012007225148994915,-0.0008628045752085233,0.0011119448631727756,0.0004989753220325652,4.438700473255463e-06,2.1357297237458895e-10,0.0
1.0662843709685305e-11,2.7705439896339767e-10,-0.0008398355832620855,0.0012569892511760572,-0.0007066598044049221,-0.0027857744151205707,0.0004075664553224106,-0.0011995671361989893,0.0007571785173731816,0.0012050130965368417,4.983445794555773e-06,3.996297769877681e-10,0.0
1.0841217500991925e-11,1.4710881454873835e-10,6.689706591091779e-05,0.00245069041400103,0.0011113845917034193,-0.0028585097290513665,-0.000983150619562968,-0.000662472478103141,-0.00030578690690370323,0.0008373602351720247,-1.267354212864267e-05,-6.372594198493173e-10,0.0
1.1019683601537305e-11,5.43389326300188e-10,0.0012417351283281197,0.0016239708731852654,0.0014507588973669842,-0.00038597816497876593,-0.0017794319961085478,0.00047232555068216415,-0.0006003612031839226,-0.0006183577299113943,4.981114142200505e-06,9.388502257183038e-11,0.0
1.1198237362472478e-11,4.1344976655419145e-10,0.0015160503897103722,-0.000586964864510361,0.0002781777595518233,0.0022063765039330428,-0.0011092491512620201,0.0013110771180053658,0.0002269114274949774,-0.001779299195989912,4.4340373321374e-06,2.170612738411436e-10,0.0
1.1376874100144891e-11,2.9978249055678654e-10,0.0005131363866621112,-0.0021146605266695907,-0.000667469392388768,0.002550079981450068,0.0004751080720667879,0.0011914003643540452,0.001081034562437833,-0.0012545702170363056,4.978684089659206e-06,4.036225233778784e-10,0.0
1.1555589111851456e-11,1.6984836190204425e-10,-0.0010064826266254017,-0.001516776435976496,-0.00022679619954117406,0.0006909778662846145,0.0014858976034207061,0.00030440659511258764,0.0008384077797406494,0.0006281700786653319,-1.2678402063498749e-05,-6.497151007363456e-10,0.0
1.1734377683923743e-11,5.661397334116147e-10,-0.001858444394695546,0.0004557018422058934,0.0007175455140190062,-0.001319770398516983,0.0011045820300018415,-0.0005859128616696632,-0.00033007907282582956,0.0019169622972149414,4.976156317848844e-06,9.786987129574765e-11,0.0
1.1913235083489615e-11,4.362104332364303e-10,-0.0014054674251819858,0.0016767857605932443,0.0005294301782083375,-0.001719400844300208,-2.2212575242346375e-05,-0.0009591839870665977,-0.001282766600647568,0.001181115729150529,4.428981965364279e-06,2.205337805184449e-10,0.0
1.2092156547848244e-11,3.2255281318881e-10,1.1629717775635132e-05,0.00098323750565719,-0.0008978030799359423,-0.0006390159913883369,-0.0006667818585171214,-0.0008722287470965515,-0.0012393203910910306,-0.0007788837696017997,4.9735315340898085e-06,4.075995507808744e-10,0.0
1.2271137280114882e-11,1.9262773423913149e-10,0.0014307372063582454,-0.0006581552767332437,-0.001806715613213291,0.0005231727438470836,-0.00042996819571018024,-0.0005425860189404718,-0.0004445310415924287,-0.0017500179989403978,-1.268365144770466e-05,-6.621864236499733e-10,0.0
1.2450172454371838e-11,5.889275467750383e-10,0.0019596415124941077,-0.001414966378348356,-0.0007481261201358873,0.0007844237824899094,2.1378518749063193e-05,5.694745284722663e-05,0.00040870980999526763,-0.0006698923273197644,4.970810471661871e-06,1.0183915605240183e-10,0.0
1.2629257219845378e-11,4.5900607606689594e-10,0.0012539448309757534,-0.0006034046747905507,0.001454095374773672,0.0003588134309346945,3.1568011917168146e-05,0.0008857408346676248,0.0009837120404880514,0.001131583061590227,4.423540030329558e-06,2.239908022365628e-10,0.0
1.2808386702394954e-11,3.4535567040268525e-10,-0.00032663460693671504,0.0007685147562017402,0.0024456312572181463,-1.1669632524936846e-05,-0.0002704508191587201,0.0013758717696228892,0.001260649494237211,0.0015371301503480411,4.967993889841394e-06,4.1156117313320735e-10,0.0
1.2987556003631022e-11,2.1543718691591946e-10,-0.0018495931122337094,0.0012989707748226934,0.0009879110177844544,-4.468836851615039e-05,-0.00034214781294573997,0.0008283847445489951,0.001055249418687767,0.00012351245449613243,-1.268928441506752e-05,-6.746730706878759e-10,0.0
1.3166760202171959e-11,6.117429722282794e-10,-0.0022176946205146627,0.0006180216788419645,-0.0015302657157792877,-4.030491276728904e-05,-3.3543609822375066e-05,-0.0005893218549966457,9.37299285164158e-05,-0.0014290893019020911,4.9650825736697484e-06,1.0579319876267149e-10,0.0
1.3345994354354105e-11,4.818268480834494e-10,-0.0009762641325642646,-0.0005289729772811439,-0.002511569481046999,-0.00027064056618460067,0.0003069234672857863,-0.0015938397376178781,-0.0012967896526405688,-0.001371973532003514,4.4177176005728174e-06,2.2743266511002463e-10,0.0
1.3525253494274987e-11,3.6818115958460485e-10,0.001133891725159474,-0.0011907765176035973,-0.000942309802814621,-0.0004942705453075198,0.00042105639990301847,-0.0010654369992292865,-0.002047655382379715,0.0001418410130974308,4.962077333491754e-06,4.1550772078839424e-10,0.0
1.3704532628697456e-11,2.3826676115152877e-10,0.0025086016693499883,-0.0009517478456553316,0.0015218491918690391,-0.00025312241092775124,0.00042531669025403125,0.0005259482954959372,-0.0013140621445523212,0.001403740557874814,-1.2695294686569105e-05,-6.871747074672333e-10,0.0
1.3883826734527905e-11,6.345759970522452e-10,0.0019563439934931603,-1.5969623632846463e-06,0.0023229282698569416,0.00046178517072894247,0.0004110248111034758,0.0014356871280739984,0.0004763986553953873,0.0011892996275651877,4.9589790047650215e-06,1.0973233755516334e-10,0.0
1.4063130759237107e-11,5.046626863776421e-10,-0.00013957884843155007,0.0010418893494613755,0.0006920297619225634,0.0009865361381556342,0.00012911372068243287,0.0006134667209115903,0.0018510513444826005,-7.56856195193282e-05,4.411521158274016e-06,2.3085971092887122e-10,0.0
1.4242439628344255e-11,3.9101917063825503e-10,-0.002042443363728565,0.0013756196485647891,-0.0016153892007543117,0.0005887191085117269,-0.0005890815273523679,-0.0009332504269059655,0.0017457023234014517,-0.001049776647037959,4.955788448057422e-06,4.194395393834758e-10,0.0
1.4421748250648587e-11,2.611062999164554e-10,-0.0022181830150870027,0.0005560781049626304,-0.002220190912780588,-0.000607440791619528,-0.0012656182496392926,-0.0012599235516690776,0.0005023268239091565,-0.0009644153569130009,-1.2701675578703656e-05,-6.99690984256611e-10,0.0
1.4601051517310638e-11,6.574164145394555e-10,-0.0007328990350464078,-0.0008918411402028389,-0.0005787111666548447,-0.001478882056937227,-0.0010679450756190694,0.00012125570797380482,-0.000687025399375906,-0.0001529641102610808,4.9525065484969306e-06,1.1365692629137002e-10,0.0
1.4780344292499043e-11,5.275033309868031e-10,0.0009733444020991648,-0.0016698829129209061,0.001590000616117423,-0.0009708498361599315,0.00019281218252435145,0.0015370083505613689,-0.001084300578418127,0.0005969178353442167,4.404957586545791e-06,2.342722974843061e-10,0.0
1.4959621408378513e-11,4.13859389065653e-10,0.0016070933960466807,-0.0009205077958701841,0.0021931219849371103,0.0006549195535225296,0.001535887476587681,0.001142905733733013,-0.0008954466646981187,0.0008155030959223206,4.949134215567482e-06,4.2335699039684084e-10,0.0
1.5138877668342293e-11,2.8394543659344813e-10,0.0011232312961078367,0.0007274617959974474,0.0008186181364843281,0.0018280355594906877,0.001699032125804437,-0.0007308897393356053,-0.0005591429521155286,0.00046239288316875476,-1.2708420011134109e-05,-7.122215359823727e-10,0.0
1.531810785773897e-11,6.802538102641087e-10,0.0002917937065888984,0.001663940154404811,-0.001088176849059085,0.0012511452923090324,0.0004839633043367818,-0.0019021040208185632,-0.00011236631447411423,-0.0002232635618522304,4.945672382937157e-06,1.1756733371708036e-10,0.0
1.5497306748145296e-11,5.503383223129111e-10,-0.0003542715851361064,0.0009973678038927049,-0.0019050616719238946,-0.0005805750152995119,-0.0009987727583238167,-0.000942187326657075,0.0005543853380060507,-0.0008148277295453649,4.398034160622648e-06,2.376707972911385e-10,0.0
1.567646909064399e-11,4.3669130909678816e-10,-0.0008455212026537124,-0.0004826932860470652,-0.0012767308220855405,-0.001796077686132698,-0.0014893207950226084,0.0010616662294084054,0.0011007510414696847,-0.0008271695241299159,4.942122008014309e-06,4.2726045011025384e-10,0.0
1.5855589604049305e-11,3.0677361612962953e-10,-0.0011807190464862356,-0.0012534765419677752,1.626224217822123e-05,-0.0011964716223455563,-0.0008309461253666863,0.0018280395801976092,0.0009390880792070737,-0.000129730278156014,-1.271552051571384e-05,-7.247659826909468e-10,0.0
1.6034662975405754e-11,7.030775778898143e-10,-0.0009575205538829951,-0.0007835850036150289,0.001113510264156253,0.0004378451474373629,8.416292536778535e-05,0.0006181925315122071,3.830958056522436e-05,0.0007735558411244316,4.938484071806198e-06,1.2146394335966177e-10,0.0
1.62136838704502e-11,5.731570035851083e-10,6.599334874710043e-05,9.825877675876617e-05,0.00159873527393481,0.0013153097588846922,0.000487952563190205,-0.0010392880023170654,-0.0008341351433285122,0.001101943528656793,4.390758539278648e-06,2.4105559743141874e-10,0.0
1.6392646945185808e-11,4.5950422602559975e-10,0.0012974161358290871,0.000447582576030449,0.001275820744912615,0.0007115378598906331,0.0005041762746054846,-0.0013300581441292965,-0.0009119369639117776,0.0005468441299026961,4.934759578572841e-06,4.311503092139241e-10,0.0
1.6571546840921092e-11,3.295800877237766e-10,0.001649631523052392,0.0003300051376739871,4.5043302495859465e-05,-0.00033667708027105387,0.0006198546016614791,-0.00027629946956582446,-0.00029695373704336533,-0.000412044263766537,-1.2722969245415974e-05,-7.373239300260384e-10,0.0
1.6750378171112306e-11,7.258769208914421e-10,0.0007222847007228371,0.00037870002388562193,-0.0015606495247781802,-0.0005294617097146258,0.0007625797291718618,0.0005953286900909503,0.00025969640642058167,-0.0010053324735797469,4.930949555385949e-06,1.2534715321316914e-10,0.0
1.6929135515074186e-11,5.959485322829164e-10,-0.0006684660015634247,0.0005839445627284512,-0.00226300468804888,5.9012142052226796e-05,0.0003096146835226232,0.00040035201346621857,0.00031052939950414947,-0.0008845792222749502,4.383138755351706e-06,2.444270993800656e-10,0.0
1.7107813427623584e-11,4.822872513978793e-10,-0.0013470667021760808,0.0002466184908518558,-0.0010892760380174838,0.0003027985237888446,-0.000841579230231748,-8.818853908808356e-05,0.00011384925876265021,-0.0002622598799926467,4.927055052011752e-06,4.350269724593654e-10,0.0
1.7286406449681856e-11,3.523539171004743e-10,-0.000980182066113536,-0.0008075220847578794,0.001249901276708467,-0.00029104288120758356,-0.0017124601242423999,0.00019681584377656208,6.428423263157841e-05,0.0004253648058187892,-1.2730757984149725e-05,-7.498949700731925e-10,0.0
1.746490910920606e-11,7.486408587794877e-10,-0.00021360999256012306,-0.001532937733757945,0.0026138624100910572,-0.000825068785893302,-0.0011334559587224387,0.0009059669448465086,0.00014271651895604565,0.0008709261976419647,4.923077140513981e-06,1.2921737444018286e-10,0.0
1.764331590946819e-11,6.187018812639593e-10,0.00027571671228478114,-0.0007796376920759037,0.0015557077531334635,-0.00029287872514584864,0.0007260923300787719,0.000665422915373466,0.00012006668925111739,0.0008631595397579767,4.375183205867751e-06,2.477857177784369e-10,0.0
1.7821621325870408e-11,5.050293119396834e-10,0.0005019870239458716,0.0010417600986636242,-0.0009553200293560181,0.0009100219461349534,0.0021453965607752326,-0.0008835396304388712,4.302970967583447e-05,0.0003253900687915952,4.919016914900834e-06,4.3889085813454107e-10,0.0
1.799981981209141e-11,3.750839865655528e-10,0.0007737952167861382,0.0020776236740929262,-0.0023902106170178563,0.0013176035424743659,0.0015589512362708582,-0.00219725419987315,9.07064427830952e-05,-0.00047402794329522754,-1.27493874849987e-05,-7.633253675636652e-10,0.0
1.817790580945083e-11,7.713582309598458e-10,0.0009380324871094061,0.0010780192683504642,-0.0013528674617187249,0.00024070574840836175,-0.0006027017172002952,-0.001509727017736692,9.31323147687755e-05,-0.0009483150017770903,4.888821457685441e-06,1.3098087683400807e-10,0.0
1.835587374412234e-11,6.410926220544304e-10,0.0004538076481402957,-0.0010469782655370265,0.0009113895378764459,-0.0012303720417110554,-0.0021769759964215957,0.0009130361312829267,-0.00032797263092142453,-0.0007006093825545165,4.328613591313965e-06,2.480545142920481e-10,0.0
1.8533718016856597e-11,5.272558588413647e-10,-0.0007021645276731956,-0.0020969791999015295,0.0019394306903859682,-0.0014390735364294238,-0.0015192913857716584,0.002778599170461627,-0.0009538032830095947,-1.3162082496621019e-05,4.888223264831696e-06,4.409311676834113e-10,0.0
1.871143299790121e-11,3.9770763183874336e-10,-0.0016466225144162847,-0.0010173032815005206,0.0007683307106613128,-0.00011219163465262511,0.0006637396496791247,0.0022248966229188767,-0.0008693257846961524,0.00045010026998905123,-1.2741013634501533e-05,-7.745834556645286e-10,0.0
1.8889013034504693e-11,7.946403702100442e-10,-0.0013577940164467446,0.0009465378556468261,-0.001119024662504967,0.0012922303171444792,0.0020441535230809205,-0.00018674441096710244,0.0004119395810811519,0.0004088626762063247,4.9328013180793275e-06,1.390533679557635e-10,0.0
1.906645246143341e-11,6.644936468739533e-10,0.00015980017707429642,0.0017129092767664694,-0.0015905679530582772,0.0012611645094197225,0.0012061409802763432,-0.0021585332363772552,0.001885138433312707,0.00024405836642293736,4.372673195424798e-06,2.5565425000756927e-10,0.0
1.9243745604759462e-11,5.499583942736155e-10,0.0016555597208398611,0.0006634753177855934,-0.00021816878324175252,-8.875232851876626e-05,-0.000860588698920722,-0.0021490115275289777,0.0018213142071019466,0.00033141555374278616,4.900984631109838e-06,4.465110473326679e-10,0.0
1.9420886774943204e-11,4.197224087324107e-10,0.0017768559615130375,-0.0008637522613768572,0.001373361153148356,-0.0012197530654642376,-0.0019129320692497385,-0.000693901564265745,-0.0001597787332455564,0.00037962921196616747,-1.2754985411741321e-05,-7.876394603725275e-10,0.0
1.9597870258322392e-11,8.169300689871145e-10,0.00039697395122290823,-0.001246342699614759,0.0014267607271788063,-0.0009281824233572583,-0.0009233839782304884,0.0006357052835325634,-0.0022705502962620475,-0.00015842020116988657,4.91196300161196e-06,1.4188743057215808e-10,0.0
1.9774690313074685e-11,6.875628081883019e-10,-0.0012273935406997944,-0.00030066365032541326,-6.235606397451684e-05,0.00033773445329195206,0.0009559781883074669,0.0010650431145821089,-0.002332580884955227,-0.00105973485845464,4.334102155097738e-06,2.5660986736857515e-10,0.0
1.9951341174961093e-11,5.72771500526988e-10,-0.0016354467720177662,0.0007978194409798507,-0.0014581270456414577,0.0011059534648518716,0.0017783370505899923,0.0009752455356179002,-0.0002516283010500339,-0.001241088624442957,4.810792079073774e-06,4.4385804387147173e-10,0.0
2.0127817063065994e-11,4.4100423549846687e-10,-0.0005528316926791773,0.0009702394826595023,-0.0013131049416741946,0.0005460985517282367,0.0008684104163017277,0.0008376956163900656,0.0018389130439133965,-5.3646367402004674e-05,-1.2880713892954678e-05,-8.096464656826613e-10,0.0
2.030411218580112e-11,8.375452126402243e-10,0.0008618841619935994,0.00025171824680450723,0.00015220032889230842,-0.0006264549438109025,-0.0006984675462449155,0.00044499218084388876,0.002004746203944029,0.0015721041974336067,4.8510539745799035e-06,1.4146727094530032e-10,0.0
2.0480220739908884e-11,7.102031001045073e-10,0.001171150024826186,-0.0005657568837864426,0.0013642464083665495,-0.0010061152563606035,-0.0014450672108319174,-0.0004746398775280315,0.0005429506579257393,0.001860164485465221,4.431004460634606e-06,2.684064283476285e-10,0.0
2.0656136904211447e-11,5.983132636419168e-10,0.00016419802932628018,-0.0008578911396474575,0.001104665627113052,-0.0001393009588120858,-0.0009443305908169943,-0.0014096720308886391,-0.0007706754496192753,0.0002443958965771144,5.0195589735773626e-06,4.6528772532438203e-10,0.0
2.083185483329741e-11,4.663652385245689e-10,-0.000898825210663895,-0.0005881716480887393,-0.0002696667811438422,0.0009315904546590561,8.898415684251597e-05,-0.0013920148890934343,-0.0009277226966389426,-0.0017688274061418475,-1.2730452836250873e-05,-8.093106546539538e-10,0.0
2.1007368659058447e-11,8.591247328550441e-10,-0.0006948951461234421,6.855885198677814e-06,-0.0012703581043691614,0.0008840491534568202,0.0007675568574363621,-0.00022064743311750093,-0.0005538257875120856,-0.002116052661557513,4.831109733390162e-06,1.4443824521441877e-10,0.0
2.1182672499805845e-11,7.291158908344045e-10,0.000595744277887793,0.0006500582431302864,-0.0008613342135377439,-0.0003165374746268163,0.0008327045875016839,0.0010539164574338163,-0.0005070907813448281,-0.0004394044954038874,4.312292897727931e-06,2.6277201598820734e-10,0.0
2.1357760466600076e-11,6.195182912320557e-10,0.0013570375178383544,0.0010005859997474571,0.00048020725195678434,-0.0012698043941038752,0.0005365140720014473,0.0012364343934518182,-0.0004871121861605863,0.0015308715501538917,4.933353003308999e-06,4.628244082334291e-10,0.0
2.1532626655781635e-11,4.914816526589164e-10,0.00041253476167891156,0.000732768231055776,0.0013192269035089141,-0.0007486597092370654,0.00013044036561149817,0.00034627225389464447,0.0003273622720433815,0.001924634729832265,-1.2806972881938e-05,-8.27214607090327e-10,0.0
2.1707265136974427e-11,8.830094257906925e-10,-0.0013916477553021942,-0.00012011766410073422,0.000767325929520158,0.0008045782698341576,-0.0002961839798017877,-0.000458051550708256,0.0016046233201064083,0.0006671644873269507,4.621048814571731e-06,1.3231824096946336e-10,0.0
2.1881669951897044e-11,7.469152942301302e-10,-0.0019443414660592737,-0.0009909596101021947,-0.000600542747474805,0.0016460675706046197,-0.0006467712870388833,-0.00032782769434358853,0.001778796341707822,-0.0007760689408507858,3.998835427908016e-06,2.4158746475152773e-10,0.0
2.205583513121038e-11,6.35520730366286e-10,-0.00031301382645866735,-0.0011948057417735841,-0.0014140677622554118,0.0006866217557364591,-0.0007325675706284411,0.0002871507719167196,3.716789491846403e-05,-0.0012290252643579584,4.840733493902594e-06,4.596603729511358e-10,0.0
2.2229754710444636e-11,5.155237772168741e-10,0.0019227132465275223,-0.0005883310244159934,-0.0009010915160340688,-0.0011849134751627268,-0.0004487328709767678,0.0003107240446424918,-0.0022300649810453608,-0.0008201484327502662,-1.2411188653153565e-05,-8.073694475904143e-10,0.0
2.2403422724131427e-11,9.163336846480856e-10,0.0023078925034496793,0.0003230334219669781,0.0004089228133653127,-0.0019660839051469795,5.719452173036225e-05,-0.0005037422549707927,-0.0026206046530741225,-0.00027419480473335576,5.275289100033476e-06,1.8985876674930727e-10,0.0
2.2576833180351522e-11,7.771412614693312e-10,0.00030242783808805183,0.000938125738296104,0.0013109408240317138,-0.0007578196614658019,0.0005142857870450951,-0.001165877671543445,-0.0004614356176416071,0.00017926420283367387,4.322881445991138e-06,2.7216680962075915e-10,0.0
2.274998004633182e-11,6.515608968220123e-10,-0.0020108132302067002,0.0010441434606617188,0.0010902650001322917,0.0012354417796942682,0.0007792431938726174,-0.0006650525220721489,0.002219061262360574,0.0007542451282832167,4.5775451926477755e-06,4.4299727794201817e-10,0.0
2.2922857261235998e-11,5.24598385297196e-10,-0.002233993417364051,0.000702161359074216,3.426086859210102e-05,0.002020845823901334,0.0008161669740663176,0.0007111007012446084,0.0027967587984156494,0.0012055342505208717,-1.2846271133584082e-05,-8.547944026329488e-10,0.0
2.3095458765939706e-11,9.368699271493377e-10,-0.00030788754358463327,-1.0874424708949722e-05,-0.000934908261952781,0.0009098791668162404,0.0005290388409970837,0.0015941348716867235,0.0008263630803151563,0.0008085425315083051,5.1462497431769796e-06,1.8380252698752115e-10,0.0
2.3267778515378355e-11,8.121137656701541e-10,0.0015997776597528124,-0.0009162965098238741,-0.0010759488275802077,-0.0008768398081020189,-0.000200436941408465,0.0010451324699905344,-0.0015963246926273317,-0.0005441241610914431,4.2457308032796105e-06,2.7059146371605915e-10,0.0
2.3439810461803154e-11,6.79247949757973e-10,0.00168575817642861,-0.0014676231079582367,-0.00035256744675318656,-0.0016379863732718775,-0.0011746817284059331,-0.00038307638607936443,-0.0022067436086371946,-0.0017159822885349494,3.9217450962022445e-06,3.9554354569820913e-10,0.0
2.36115485280135e-11,5.27545418388558e-10,0.00033518521123293023,-0.0010130523713239893,0.0005715921055579126,-0.0009259942823268819,-0.0017100196841273781,-0.0012930549317685994,-0.0008637579983855774,-0.0013642440359816297,-1.3726934365056786e-05,-9.377290262719804e-10,0.0
2.3782986600914894e-11,9.357755914135163e-10,-0.0007649333501441306,0.0003848375161357544,0.000838814532296324,0.0002835439885836251,-0.0010936477409409645,-0.000976087855619479,0.000704183479834412,0.00038145445412412316,5.616011775897269e-06,2.2503990736597206e-10,0.0
2.3954118548888327e-11,8.504753826986592e-10,-0.0007718522952992678,0.0016213488968493117,0.00020346174846076818,0.0008571767058782777,0.0005908046861218892,-4.101746533849887e-05,0.0010327259833746308,0.0018110583477259192,6.342739062869336e-06,4.428227464165907e-10,0.0
2.4124938241345205e-11,7.582931538172607e-10,-0.00033737713396228477,0.0014741190542223214,-0.0006433163435091804,0.0006086190134449784,0.002159019653668443,0.0005060517523808344,0.00035140023234354537,0.0014324155196676247,3.14510086864121e-06,3.388920885849267e-10,0.0
2.429543955009627e-11,5.640536632789726e-10,-0.00026359619183797324,6.8414983958749154e-06,-0.0006729301248189952,0.00015538333823397968,0.002223902660074203,0.00042292403711575636,-0.0001250013146710405,-0.0003282962699701731,-2.65508768758049e-05,-1.9792520150825805e-09,0.0
2.4451157372641317e-11,8.1170495977394e-10,-0.00031244768512463247,-0.0013186790477047068,0.0003235286269684403,-1.4466048776044683e-05,0.0005386449223166031,0.00023865063376585439,0.00015739727886646148,-0.0016347217262550862,-2.6853763100163932e-05,-2.3825100573152262e-09,0.0
2.4564438363275074e-11,5.303655929244132e-10,0.00019940695693642684,-0.0011709781639228857,0.001245293636434644,1.3116071268206344e-06,-0.0015928949630244253,0.0002881829515187113,0.0005439120756860552,-0.0012703949610123385,-4.2849914472278076e-05,-3.5142219857045444e-09,0.0
2.4615829529725434e-11,3.6499384496707993e-10,0.0010845579231411671,0.00012845857839684872,0.0008183142077425275,-0.00014112134503409132,-0.002405314437702746,0.00024180561841371885,0.00022268904769850366,0.00015643142457866753,-4.540508698508167e-05,-3.5680227080590204e-09,0.0
2.460324257919946e-11,3.268999217594688e-10,0.0012560974072456572,0.0010030964534587681,-0.0007869232696374512,-0.0004500630880880168,-0.0013281592556343294,-0.00025547802763317576,-0.0006738793910156822,0.0011606515948093888,-4.9051224348171024e-05,-3.805122409256964e-09,0.0
2.4545188498038696e-11,9.180237739858626e-10,0.00017137560746509844,0.0005039569391140273,-0.0018890655141407756,-0.0005582525737975838,0.0005378891695215093,-0.0007877912410877491,-0.001198765809113594,0.0010464078128117344,-4.128398611822639e-06,-5.487975485437217e-10,0.0
2.4475858012959906e-11,9.967029265871443e-10,-0.001273952979725504,-0.000593676209616526,-0.0011221115201222286,-0.00020826854553502284,0.0015852202747846968,-0.0005672440493735563,-0.0007380293001176771,0.000318428649276297,2.4710515545204318e-05,1.9305496565199356e-09,0.0
2.443242879929384e-11,1.0173448494004852e-09,-0.0016579224087766118,-0.0008323446713856649,0.0008479548972467861,0.00038807370704152365,0.0012132007167292526,0.00039574066968856773,0.00031258319959786884,-0.0002924984683621994,4.314611264843025e-05,3.5679008406257357e-09,0.0
2.4438287712022565e-11,8.832416822539894e-10,-0.000642025360940201,8.787512086116379e-05,0.0019308113940435497,0.0007130740989969968,0.00016052187050342483,0.0010189126580178655,0.0010123345078413273,-0.0006890543581895454,2.1294062872911402e-05,1.8485436799141942e-09,0.0
2.4488677974118666e-11,1.1058961549773138e-09,0.0007116105144288171,0.0009634556747905488,0.0010308035406465486,0.000491026374670018,-0.0005056648720578798,0.0003932013913265894,0.0009074184142008502,-0.0010097986368287205,9.75035741864082e-06,5.751605455124485e-10,0.0
2.4546040456352775e-11,6.56243343242401e-10,0.0012252965962378422,0.0006546740076706847,-0.0006717391347920171,-3.3532124849254216e-05,-0.00045424462365443693,-0.0008692082949557262,0.00034465877187628063,-0.0009398205920360075,-3.744775906047579e-05,-3.0680666250476835e-09,0.0
2.4549830214342815e-11,1.7918188214034792e-10,0.0008161088540641936,-0.00047168518030929414,-0.0011909704693572345,-0.00036575438182769434,-0.0001471693648585919,-0.0011586445201255725,-7.364749726259341e-05,1.510672499628878e-07,-8.335589458014927e-05,-6.6120217228869835e-09,0.0
2.443995874808861e-11,-1.924201923596711e-10,0.00020266844653924265,-0.0010119734439699378,-0.00018411333959966479,-0.0003039201188506466,-8.577134570252921e-05,0.00012085879074538286,-0.00019558987358547254,0.001452115873730626,-0.0001247871668082342,-9.926708622523149e-09,0.0
2.4186092232370895e-11,2.393347101822481e-10,-0.00013854322415605464,-0.00029463608677427725,0.0007268180126834225,-0.00012548602310492662,-0.0002471846048923129,0.0015700595783403604,-0.0003435578478275875,0.0021087509842031274,-9.057907695176172e-05,-7.502220091105306e-09,0.0
2.381000343136991e-11,4.728054457846466e-10,-0.0003785417321285596,0.0007927243259030831,0.00017099334800738531,-0.00016143685368970843,-0.000275295454523857,0.0013134978058185012,-0.0007364709345324592,0.0009758501765943243,-3.179386512438382e-05,-2.6130410728208335e-09,0.0
2.3388193275402954e-11,9.444434790293163e-10,-0.0007403030163596423,0.0009255128063916942,-0.0011353324400210263,-0.0003130040347896026,2.910442587953331e-07,-0.000642430490733361,-0.001066280339926696,-0.0012723208304955672,5.2920853675728985e-05,4.362752566817469e-09,0.0
2.3028477883958306e-11,1.3827499570888597e-09,-0.000945823820971151,-4.858135624731237e-05,-0.0012726096264053558,-0.00014675414981381763,0.00040632191633931515,-0.0021602521668956554,-0.0007510089437876511,-0.0026763396971243537,0.00010999068204751267,8.966069214250532e-09,0.0
2.2825580465466287e-11,2.0513453353110455e-09,-0.000554852780413836,-0.0009981053701623892,0.0003435218806559791,0.00045776349731902497,0.000616538582779991,-0.0013954376854319384,0.0004177740696953271,-0.001887312017385641,0.00015557013618104642,1.232602329103316e-08,0.0
2.2812423213688986e-11,1.7021087129386905e-09,0.00040018397745189696,-0.0008952186211731879,0.0020787144606515475,0.0009586435377171951,0.00042195709668127603,0.0009437745603162885,0.0018098030717831307,0.00043925975273536655,0.00011320385920803071,9.072250501866658e-09,0.0
2.2929933536972126e-11,8.735294846359066e-10,0.0012748332281259322,6.637014207788174e-05,0.0019370691497190874,0.0006699981160271985,-0.00014543133251318822,0.0023122385381961564,0.002297533893087545,0.0022911792868987816,-1.5093305006440852e-05,-1.104153265471359e-09,0.0
2.303435692428384e-11,-2.354402032535063e-10,0.0013869544421043886,0.0008455885920845051,-6.632997131181885e-05,-0.0003523618056306714,-0.0007435505567108028,0.0012399377551428246,0.0011541799896999491,0.002238747782067817,-0.00017798672432601143,-1.42213191407496e-08,0.0
2.294695121107624e-11,-1.356167996095459e-09,0.0006061197273984926,0.0007989451994969589,-0.0019387999778171768,-0.0011681695743275319,-0.0008538588565630008,-0.0010141043865637138,-0.0011536316659350942,0.0006186515548900037,-0.0002652730417268695,-2.1553014195490154e-08,0.0
2.2531294594865964e-11,-1.445481773399121e-09,-0.0005987422111383056,0.00023317071499237958,-0.002006965363655598,-0.0009392465421632683,-0.00018563731365036317,-0.0019781515793840737,-0.0030460259409972584,-0.0011001380496134295,-0.00023996954352810087,-1.9387126131726488e-08,0.0
2.176683640326009e-11,-6.943871032088938e-11,-0.0015077977628334843,-0.00020608278626443787,-0.0005671169079962358,0.00010301124343844198,0.0008529558088372545,-0.0008089153669228854,-0.0029787897136117234,-0.0017858693977998875,-0.00013519888215401856,-1.0798115093450447e-08,0.0
2.0782581273718267e-11,1.3808329475080719e-09,-0.001551456860360738,-0.0003165648671382251,0.0007802936840229761,0.0008888751902640781,0.0012628982479423693,0.0009552315571224113,-0.0007284915110491976,-0.0013609453129466483,1.5329278133780915e-05,1.3570967190532778e-09,0.0
1.982665529339622e-11,1.640186634169094e-09,-0.0006223807920641318,-0.000377222206798922,0.0010733257325957874,0.0006944016990164868,0.0004277890140716112,0.0013885009085986325,0.0022105381409575743,-0.00038435216094898886,0.00019353340398265572,1.543568181126583e-08,0.0
1.9173454639746333e-11,1.7840634040504503e-09,0.0007697828562723398,-0.0005272963537584684,0.0007291127545009132,-8.34148447983503e-05,-0.001056847653264876,0.0003291943829426901,0.0037037095571978386,0.0006184008860811994,0.0003512713143403465,2.8197602609718844e-08,0.0
1.900025666997078e-11,3.2091862734822876e-09,0.001712113840789172,-0.0004984605097927622,0.0005239698991041976,-0.0004614746440568295,-0.0017368598214154017,-0.0007683994523173316,0.0026437219332963308,0.001321104121321205,0.00038894187512446797,3.1345019035058134e-08,0.0
1.928582039669404e-11,4.133685702492464e-09,0.0015395849049062802,3.7749853140566446e-06,0.00045120468984558644,-8.192833472837218e-05,-0.0007373387518486963,-0.0007789772603306148,-0.00018705938423904927,0.0014441512609866588,0.00021136315328128773,1.7149786358775472e-08,0.0
1.9782949616475866e-11,1.2964102769731882e-09,0.0003748185430316624,0.0007658397746004881,-4.0558702783663947e-05,0.000431669171218342,0.0011579340899984848,-8.016297566505547e-05,-0.0027625728673300147,0.0007712169430375653,-0.00016320054041437596,-1.3166755436195054e-08,0.0
2.0091658515829978e-11,-4.304277401495552e-09,-0.0009544627369485668,0.0011383908076736567,-0.0009863372076653937,0.00031790617115527286,0.0021379486330179794,0.00030161362399652166,-0.0033638948950239036,-0.00048045528809981356,-0.0005396483560077475,-4.348239925616422e-08,0.0
1.9817082560772774e-11,-6.760877526216923e-09,-0.0015953007824345711,0.0006987262001123423,-0.0015815840460395468,-0.0003862162168377538,0.0011906206713324227,0.00013378239087951928,-0.001758267353163804,-0.0015707581995310338,-0.0006547816547509671,-5.2809092231124027e-08,0.0
1.8753686171089574e-11,-2.6627600058239124e-09,-0.0012569006210889613,-0.0002932874124495202,-0.0010819900349014855,-0.0008935013611987041,-0.0008455938266136711,5.0817252762890084e-05,0.0008247071890038924,-0.0016966399114753796,-0.0004236786282642484,-3.414492600092328e-08,0.0
1.701463737333358e-11,3.333122042790761e-09,-0.00023095325986294155,-0.0010838386867766795,0.0002800740041600558,-0.0005701129848708342,-0.002118578432847861,0.00041610398308699714,0.0026252276507779445,-0.0006962165427579735,-3.8393443721346406e-05,-3.0745623848818107e-09,0.0
1.503645207828745e-11,4.156859952131578e-09,0.0009110709310610745,-0.0010999148470378776,0.0014841794249389985,0.00036439577675640767,-0.0015970306078192838,0.000670211555397731,0.002535453033800003,0.0007401167042912319,0.00026951080993838496,2.1870759852610047e-08,0.0
1.3434650928796709e-11,6.616468080691629e-10,0.0015205247008607012,-0.0004035336726143338,0.0017135608097253465,0.0011095675449038112,8.408620079845006e-05,9.715767007120756e-05,0.000775430040990685,0.0016108585774893681,0.0005016809738095217,4.038060244561054e-08,0.0
1.2750842732130415e-11,1.0503101023193953e-09,0.0011422873029026763,0.00044479863890750583,0.0009570614940315712,0.0010356187493178945,0.0014426101353266917,-0.0010236520817437419,-0.0012563018576103335,0.0013771710431593489,0.0007528436493237436,6.036876340638498e-08,0.0
1.3188728594893069e-11,7.779757289685056e-09,-0.00011734568458828562,0.0008837293993264866,-0.00023680090556898992,0.0001740894946686616,0.001578124314843752,-0.001505146181688549,-0.002043631405185686,0.0003513205731162424,0.0008301003936472921,6.665277863829814e-08,0.0
1.445861845307674e-11,1.0582542082968772e-08,-0.0013443112000182172,0.0007235038928068816,-0.0012767099486843585,-0.000874910199543864,0.0007339951553400126,-0.0005969055551229379,-0.0011464718874200446,-0.0006404519386420404,0.0003264152596241781,2.6622134590991902e-08,0.0
1.5821352934228287e-11,-4.85911836339808e-10,-0.0014248717972564693,0.00017048256841098675,-0.001726545202843007,-0.0013716110111290272,-0.0003023689578518918,0.0010238982531231911,0.0004000081179015388,-0.000985518324006198,-0.0007376836835490974,-5.898904881254292e-08,0.0
1.6347668674124306e-11,-1.727513745280483e-08,-0.00019941970989190906,-0.00040094811596452074,-0.0012583209776601079,-0.0008900223485175836,-0.00099311672526612,0.0018629171945762706,0.001078603479090476,-0.0007444450179019423,-0.0015985436683860518,-1.288945246474726e-07,0.0
1.5314078606898394e-11,-1.9216301325395183e-08,0.0011484316269042014,-0.000619314637336772,8.200108407344889e-05,0.00033676864297179976,-0.0011730807714706248,0.0011725001582334699,0.0004236903042543492,-0.000410305543004021,-0.0014463005131863235,-1.1714041263691357e-07,0.0
1.2580278002087276e-11,-8.359553787199092e-10,0.0011982402236462176,-0.0003051158828228036,0.001523283744404785,0.0014183112456724258,-0.0007969277620428413,-0.0003216125387055924,-0.0005549305676988124,-0.00026990649140054427,-0.0003947195054715535,-3.191191964650332e-08,0.0
8.772647890630066e-12,1.65930300070741e-08,-9.65470159527594e-05,0.000337637790034758,0.0019479946794043602,0.0014207223709576354,7.989407553248251e-05,-0.0012963973023342608,-0.0005246352932040785,-0.00010568954344721633,0.0006256304579018106,5.107988077734361e-08,0.0
5.151747798899033e-12,1.1795105868068098e-08,-0.0012458363819674966,0.0007112339063816099,0.0009014534427456053,0.00023510330427373264,0.00103448762028198,-0.0011635211188006148,0.0005565223035374771,0.00046023764321894545,0.0010397066567631183,8.427538636782313e-08,0.0
3.1579879571601808e-12,-4.577746087145947e-09,-0.0008885008297332753,0.0002583465713507986,-0.0007501981480065555,-0.0011642452463571555,0.0013622826256362167,-0.0004612666392803202,0.001317273104478984,0.0013069031981518798,0.00125611158683899,1.0055576887894057e-07,0.0
3.769959349338392e-12,-2.3034583705094144e-09,0.0006324670887984454,-0.0008441018340752755,-0.0015597497470634788,-0.0015463096280855734,0.0006778181552975391,3.322196293711134e-05,0.0005859102639122322,0.0016658094038369687,0.001726436540039994,1.380091578921614e-07,0.0
6.9196651431815205e-12,2.1488918875867572e-08,0.0016027469380243708,-0.0015152435856302143,-0.0009507461632710053,-0.0005854139306108831,-0.0005466484735308612,0.00019452028616479027,-0.001085212992320651,0.0008061409028360229,0.0017067138701001164,1.3750115094832617e-07,0.0
1.1238680575625546e-11,2.8179562796505593e-08,0.0008544715053259895,-0.0006950413610324829,0.00022076380097538429,0.0007669527119050557,-0.0012855049687773633,0.0004732735414374741,-0.0018909351123786024,-0.0010493177292639877,-0.00016208533344899266,-1.1697969653332338e-08,0.0
1.4335374269430785e-11,-1.1938209039994761e-08,-0.0009162548765198306,0.0013317422845004207,0.0006793349702901902,0.0012758949250313593,-0.000934684467981904,0.0010144718919767016,-0.0008085034002072965,-0.0026399860979016182,-0.0035989721984624992,-2.8888819131970924e-07,0.0
1.3640152021847496e-11,-6.624178164040121e-08,-0.001923222552588481,0.0027614279242302872,0.00018839207836068966,0.0006572599064909347,8.333508198715565e-05,0.0012464825513807598,0.0011232460765972828,-0.0025893086359911723,-0.005679774296728657,-4.582643901832983e-07,0.0
7.653940317729631e-12,-6.465351041002468e-08,-0.0011660087080065866,0.0018626761403008416,-0.00033095132113698567,-0.00030299283234436544,0.000786070786457623,0.0005088299425325629,0.0018534714396734697,-0.0006332535557654787,-0.0032959416825304733,-2.672641435163764e-07,0.0
-2.7345051009342935e-12,1.3191653930567391e-08,0.0006612144011038174,-0.0010513261375452256,-9.372973220325703e-05,-0.000707040166820945,0.0006360167040562585,-0.0009956901641178005,0.0006331694414975273,0.00200099197264213,0.002930475970721994,2.3544456838734297e-07,0.0
-1.326916688769166e-11,9.692681479574861e-08,0.0019427751032958806,-0.0035039125825002252,0.0005613917072188662,-0.0004633921526701106,3.9071325299240946e-05,-0.0021022057889175678,-0.0011247331952315568,0.0034521683978777085,0.007996792557318043,6.455403568851074e-07,0.0
-1.6032167841767283e-11,9.475270645235116e-08,0.0016265240686976867,-0.0031081234062217008,0.0006780601053829537,-0.00012072351097064404,-0.0002392452325962622,-0.0017260810955604384,-0.0014312378819643884,0.002616540860527686,0.0069165077441084724,5.589008770284373e-07,0.0
3.308722450212111e-24,-2.3161057151484775e-22,-3.2526065174565133e-19,-7.047314121155779e-19,-6.2341624917916505e-19,2.168404344971009e-19,1.6263032587282567e-19,-9.215718466126788e-19,-3.2526065174565133e-19,8.131516293641283e-19,5.908901840045999e-18,5.360130369343619e-22,0.0
